,Date,sourceCurrency,targetCurrency,askRate,bidRateCK
0,2025-01-02,AUD,VND,16187.0,15557.0
1,2025-01-02,CAD,VND,18018.0,17398.0
2,2025-01-02,CHF,VND,28511.0,27865.0
3,2025-01-02,CNY,VND,3600.0,3358.0
4,2025-01-02,EUR,VND,26819.0,25990.0
5,2025-01-02,GBP,VND,32310.0,31364.0
6,2025-01-02,HKD,VND,3345.0,3142.0
7,2025-01-02,JPY,VND,165.74,159.58
8,2025-01-02,KRW,VND,19.0,
9,2025-01-02,NZD,VND,14574.0,13985.0
10,2025-01-02,SGD,VND,18946.0,18419.0
11,2025-01-02,THB,VND,775.0,721.0
12,2025-01-02,USD,VND,,
13,2025-01-02,USD,VND,,
14,2025-01-02,USD,VND,25559.0,25290.0
15,2025-01-03,AUD,VND,16159.0,15523.0
16,2025-01-03,CAD,VND,18010.0,17388.0
17,2025-01-03,CHF,VND,28312.0,27659.0
18,2025-01-03,CNY,VND,3600.0,3358.0
19,2025-01-03,EUR,VND,26600.0,25761.0
20,2025-01-03,GBP,VND,32014.0,31060.0
21,2025-01-03,HKD,VND,3338.0,3135.0
22,2025-01-03,JPY,VND,165.2,159.01
23,2025-01-03,KRW,VND,19.0,
24,2025-01-03,NZD,VND,14511.0,13913.0
25,2025-01-03,SGD,VND,18807.0,18275.0
26,2025-01-03,THB,VND,769.0,716.0
27,2025-01-03,USD,VND,,
28,2025-01-03,USD,VND,,
29,2025-01-03,USD,VND,25550.0,25240.0
30,2025-01-04,AUD,VND,16159.0,15520.0
31,2025-01-04,CAD,VND,17949.0,17327.0
32,2025-01-04,CHF,VND,28349.0,27699.0
33,2025-01-04,CNY,VND,3600.0,3358.0
34,2025-01-04,EUR,VND,26666.0,25824.0
35,2025-01-04,GBP,VND,32087.0,31139.0
36,2025-01-04,HKD,VND,3339.0,3135.0
37,2025-01-04,JPY,VND,165.16,158.94
38,2025-01-04,KRW,VND,19.0,
39,2025-01-04,NZD,VND,14544.0,13944.0
40,2025-01-04,SGD,VND,18815.0,18277.0
41,2025-01-04,THB,VND,769.0,715.0
42,2025-01-04,USD,VND,,
43,2025-01-04,USD,VND,,
44,2025-01-04,USD,VND,25550.0,25240.0
45,2025-01-06,AUD,VND,16207.0,15578.0
46,2025-01-06,CAD,VND,18010.0,17394.0
47,2025-01-06,CHF,VND,28369.0,27730.0
48,2025-01-06,CNY,VND,3600.0,3358.0
49,2025-01-06,EUR,VND,26726.0,25900.0
50,2025-01-06,GBP,VND,32154.0,31227.0
51,2025-01-06,HKD,VND,3336.0,3133.0
52,2025-01-06,JPY,VND,164.43,158.32
53,2025-01-06,KRW,VND,19.0,
54,2025-01-06,NZD,VND,14573.0,13983.0
55,2025-01-06,SGD,VND,18824.0,18303.0
56,2025-01-06,THB,VND,765.0,711.0
57,2025-01-06,USD,VND,,
58,2025-01-06,USD,VND,,
59,2025-01-06,USD,VND,25553.0,25215.0
60,2025-01-07,AUD,VND,16303.0,15673.0
61,2025-01-07,CAD,VND,18093.0,17480.0
62,2025-01-07,CHF,VND,28419.0,27781.0
63,2025-01-07,CNY,VND,3600.0,3358.0
64,2025-01-07,EUR,VND,26900.0,26075.0
65,2025-01-07,GBP,VND,32380.0,31446.0
66,2025-01-07,HKD,VND,3335.0,3133.0
67,2025-01-07,JPY,VND,164.56,158.44
68,2025-01-07,KRW,VND,19.0,
69,2025-01-07,NZD,VND,14696.0,14109.0
70,2025-01-07,SGD,VND,18913.0,18394.0
71,2025-01-07,THB,VND,767.0,714.0
72,2025-01-07,USD,VND,,
73,2025-01-07,USD,VND,,
74,2025-01-07,USD,VND,25548.0,25208.0
75,2025-01-08,AUD,VND,16151.0,15521.0
76,2025-01-08,CAD,VND,18027.0,17409.0
77,2025-01-08,CHF,VND,28199.0,27567.0
78,2025-01-08,CNY,VND,3600.0,3358.0
79,2025-01-08,EUR,VND,26650.0,25821.0
80,2025-01-08,GBP,VND,32116.0,31185.0
81,2025-01-08,HKD,VND,3335.0,3132.0
82,2025-01-08,JPY,VND,164.06,157.91
83,2025-01-08,KRW,VND,19.0,
84,2025-01-08,NZD,VND,14530.0,13940.0
85,2025-01-08,SGD,VND,18831.0,18301.0
86,2025-01-08,THB,VND,764.0,711.0
87,2025-01-08,USD,VND,,
88,2025-01-08,USD,VND,,
89,2025-01-08,USD,VND,25546.0,25220.0
90,2025-01-09,AUD,VND,16088.0,15459.0
91,2025-01-09,CAD,VND,18002.0,17391.0
92,2025-01-09,CHF,VND,28220.0,27585.0
93,2025-01-09,CNY,VND,3600.0,3358.0
94,2025-01-09,EUR,VND,26619.0,25794.0
95,2025-01-09,GBP,VND,31699.0,30765.0
96,2025-01-09,HKD,VND,3334.0,3132.0
97,2025-01-09,JPY,VND,164.2,158.07
98,2025-01-09,KRW,VND,19.0,
99,2025-01-09,NZD,VND,14467.0,13881.0
100,2025-01-09,SGD,VND,18801.0,18277.0
101,2025-01-09,THB,VND,764.0,711.0
102,2025-01-09,USD,VND,,
103,2025-01-09,USD,VND,,
104,2025-01-09,USD,VND,25554.0,25220.0
105,2025-01-10,AUD,VND,16056.0,15429.0
106,2025-01-10,CAD,VND,17966.0,17350.0
107,2025-01-10,CHF,VND,28144.0,27507.0
108,2025-01-10,CNY,VND,3600.0,3358.0
109,2025-01-10,EUR,VND,26595.0,25770.0
110,2025-01-10,GBP,VND,31714.0,30781.0
111,2025-01-10,HKD,VND,3330.0,3128.0
112,2025-01-10,JPY,VND,164.22,158.11
113,2025-01-10,KRW,VND,19.0,
114,2025-01-10,NZD,VND,14429.0,13842.0
115,2025-01-10,SGD,VND,18801.0,18282.0
116,2025-01-10,THB,VND,765.0,712.0
117,2025-01-10,USD,VND,,
118,2025-01-10,USD,VND,,
119,2025-01-10,USD,VND,25550.0,25205.0
120,2025-01-11,AUD,VND,15976.0,15332.0
121,2025-01-11,CAD,VND,17959.0,17336.0
122,2025-01-11,CHF,VND,28065.0,27422.0
123,2025-01-11,CNY,VND,3600.0,3358.0
124,2025-01-11,EUR,VND,26475.0,25631.0
125,2025-01-11,GBP,VND,31517.0,30553.0
126,2025-01-11,HKD,VND,3331.0,3127.0
127,2025-01-11,JPY,VND,164.54,158.32
128,2025-01-11,KRW,VND,19.0,
129,2025-01-11,NZD,VND,14377.0,13787.0
130,2025-01-11,SGD,VND,18768.0,18242.0
131,2025-01-11,THB,VND,766.0,709.0
132,2025-01-11,USD,VND,,
133,2025-01-11,USD,VND,,
134,2025-01-11,USD,VND,25558.0,25210.0
135,2025-01-13,AUD,VND,15959.0,15329.0
136,2025-01-13,CAD,VND,17958.0,17338.0
137,2025-01-13,CHF,VND,28070.0,27428.0
138,2025-01-13,CNY,VND,3600.0,3358.0
139,2025-01-13,EUR,VND,26364.0,25535.0
140,2025-01-13,GBP,VND,31281.0,30343.0
141,2025-01-13,HKD,VND,3333.0,3131.0
142,2025-01-13,JPY,VND,165.27,159.13
143,2025-01-13,KRW,VND,19.0,
144,2025-01-13,NZD,VND,14360.0,13771.0
145,2025-01-13,SGD,VND,18738.0,18215.0
146,2025-01-13,THB,VND,761.0,708.0
147,2025-01-13,USD,VND,,
148,2025-01-13,USD,VND,,
149,2025-01-13,USD,VND,25560.0,25235.0
150,2025-01-14,AUD,VND,16075.0,15445.0
151,2025-01-14,CAD,VND,18016.0,17398.0
152,2025-01-14,CHF,VND,28086.0,27445.0
153,2025-01-14,CNY,VND,3600.0,3358.0
154,2025-01-14,EUR,VND,26508.0,25677.0
155,2025-01-14,GBP,VND,31437.0,30496.0
156,2025-01-14,HKD,VND,3332.0,3130.0
157,2025-01-14,JPY,VND,164.34,158.16
158,2025-01-14,KRW,VND,19.0,
159,2025-01-14,NZD,VND,14515.0,13925.0
160,2025-01-14,SGD,VND,18803.0,18279.0
161,2025-01-14,THB,VND,762.0,709.0
162,2025-01-14,USD,VND,,
163,2025-01-14,USD,VND,,
164,2025-01-14,USD,VND,25563.0,25225.0
165,2025-01-15,AUD,VND,16110.0,15480.0
166,2025-01-15,CAD,VND,18052.0,17434.0
167,2025-01-15,CHF,VND,28211.0,27579.0
168,2025-01-15,CNY,VND,3600.0,3358.0
169,2025-01-15,EUR,VND,26633.0,25804.0
170,2025-01-15,GBP,VND,31555.0,30616.0
171,2025-01-15,HKD,VND,3331.0,3129.0
172,2025-01-15,JPY,VND,165.37,159.24
173,2025-01-15,KRW,VND,19.0,
174,2025-01-15,NZD,VND,14527.0,13940.0
175,2025-01-15,SGD,VND,18835.0,18312.0
176,2025-01-15,THB,VND,763.0,710.0
177,2025-01-15,USD,VND,,
178,2025-01-15,USD,VND,,
179,2025-01-15,USD,VND,25554.0,25220.0
180,2025-01-16,AUD,VND,16128.0,15495.0
181,2025-01-16,CAD,VND,18004.0,17382.0
182,2025-01-16,CHF,VND,28205.0,27558.0
183,2025-01-16,CNY,VND,3600.0,3358.0
184,2025-01-16,EUR,VND,26771.0,25737.0
185,2025-01-16,GBP,VND,31472.0,30535.0
186,2025-01-16,HKD,VND,3328.0,3125.0
187,2025-01-16,JPY,VND,166.44,160.24
188,2025-01-16,KRW,VND,19.0,
189,2025-01-16,NZD,VND,14488.0,13898.0
190,2025-01-16,SGD,VND,18812.0,18285.0
191,2025-01-16,THB,VND,765.0,711.0
192,2025-01-16,USD,VND,,
193,2025-01-16,USD,VND,,
194,2025-01-16,USD,VND,25545.0,25195.0
195,2025-01-17,AUD,VND,16078.0,15440.0
196,2025-01-17,CAD,VND,17938.0,17316.0
197,2025-01-17,CHF,VND,28172.0,27525.0
198,2025-01-17,CNY,VND,3600.0,3358.0
199,2025-01-17,EUR,VND,26753.0,25716.0
200,2025-01-17,GBP,VND,31435.0,30482.0
201,2025-01-17,HKD,VND,3324.0,3121.0
202,2025-01-17,JPY,VND,166.26,160.05
203,2025-01-17,KRW,VND,19.0,
204,2025-01-17,NZD,VND,14453.0,13861.0
205,2025-01-17,SGD,VND,18793.0,18272.0
206,2025-01-17,THB,VND,767.0,714.0
207,2025-01-17,USD,VND,,
208,2025-01-17,USD,VND,,
209,2025-01-17,USD,VND,25510.0,25160.0
210,2025-01-18,AUD,VND,16056.0,15415.0
211,2025-01-18,CAD,VND,17854.0,17231.0
212,2025-01-18,CHF,VND,28056.0,27413.0
213,2025-01-18,CNY,VND,3600.0,3358.0
214,2025-01-18,EUR,VND,26687.0,25648.0
215,2025-01-18,GBP,VND,31349.0,30389.0
216,2025-01-18,HKD,VND,3325.0,3121.0
217,2025-01-18,JPY,VND,165.66,159.44
218,2025-01-18,KRW,VND,19.0,
219,2025-01-18,NZD,VND,14420.0,13820.0
220,2025-01-18,SGD,VND,18759.0,18229.0
221,2025-01-18,THB,VND,770.0,716.0
222,2025-01-18,USD,VND,,
223,2025-01-18,USD,VND,,
224,2025-01-18,USD,VND,25515.0,25160.0
225,2025-01-20,AUD,VND,16073.0,15448.0
226,2025-01-20,CAD,VND,17859.0,17241.0
227,2025-01-20,CHF,VND,28100.0,27458.0
228,2025-01-20,CNY,VND,3600.0,3358.0
229,2025-01-20,EUR,VND,26783.0,25754.0
230,2025-01-20,GBP,VND,31385.0,30447.0
231,2025-01-20,HKD,VND,3325.0,3122.0
232,2025-01-20,JPY,VND,165.64,159.51
233,2025-01-20,KRW,VND,19.0,
234,2025-01-20,NZD,VND,14466.0,13876.0
235,2025-01-20,SGD,VND,18817.0,18294.0
236,2025-01-20,THB,VND,770.0,717.0
237,2025-01-20,USD,VND,,
238,2025-01-20,USD,VND,,
239,2025-01-20,USD,VND,25505.0,25160.0
240,2025-01-21,AUD,VND,16113.0,15477.0
241,2025-01-21,CAD,VND,17882.0,17260.0
242,2025-01-21,CHF,VND,28115.0,27468.0
243,2025-01-21,CNY,VND,3600.0,3358.0
244,2025-01-21,EUR,VND,26818.0,25784.0
245,2025-01-21,GBP,VND,31471.0,30524.0
246,2025-01-21,HKD,VND,3318.0,3115.0
247,2025-01-21,JPY,VND,165.68,159.47
248,2025-01-21,KRW,VND,19.0,
249,2025-01-21,NZD,VND,14503.0,13911.0
250,2025-01-21,SGD,VND,18848.0,18316.0
251,2025-01-21,THB,VND,772.0,719.0
252,2025-01-21,USD,VND,,
253,2025-01-21,USD,VND,,
254,2025-01-21,USD,VND,25455.0,25105.0
255,2025-01-22,AUD,VND,16148.0,15506.0
256,2025-01-22,CAD,VND,17901.0,17268.0
257,2025-01-22,CHF,VND,28129.0,27465.0
258,2025-01-22,CNY,VND,3600.0,3358.0
259,2025-01-22,EUR,VND,26887.0,25837.0
260,2025-01-22,GBP,VND,31569.0,30605.0
261,2025-01-22,HKD,VND,3299.0,3094.0
262,2025-01-22,JPY,VND,165.02,158.72
263,2025-01-22,KRW,VND,19.0,
264,2025-01-22,NZD,VND,14538.0,13939.0
265,2025-01-22,SGD,VND,18842.0,18304.0
266,2025-01-22,THB,VND,775.0,721.0
267,2025-01-22,USD,VND,,
268,2025-01-22,USD,VND,,
269,2025-01-22,USD,VND,25295.0,24920.0
270,2025-01-23,AUD,VND,16120.0,15477.0
271,2025-01-23,CAD,VND,17836.0,17204.0
272,2025-01-23,CHF,VND,28094.0,27430.0
273,2025-01-23,CNY,VND,3600.0,3358.0
274,2025-01-23,EUR,VND,26854.0,25802.0
275,2025-01-23,GBP,VND,31500.0,30535.0
276,2025-01-23,HKD,VND,3299.0,3094.0
277,2025-01-23,JPY,VND,164.42,158.12
278,2025-01-23,KRW,VND,19.0,
279,2025-01-23,NZD,VND,14505.0,13905.0
280,2025-01-23,SGD,VND,18799.0,18261.0
281,2025-01-23,THB,VND,771.0,717.0
282,2025-01-23,USD,VND,,
283,2025-01-23,USD,VND,,
284,2025-01-23,USD,VND,25330.0,24965.0
285,2025-01-24,AUD,VND,16245.0,15594.0
286,2025-01-24,CAD,VND,17886.0,17247.0
287,2025-01-24,CHF,VND,28139.0,27461.0
288,2025-01-24,CNY,VND,3600.0,3358.0
289,2025-01-24,EUR,VND,27013.0,25940.0
290,2025-01-24,GBP,VND,31715.0,30746.0
291,2025-01-24,HKD,VND,3295.0,3088.0
292,2025-01-24,JPY,VND,164.94,158.61
293,2025-01-24,KRW,VND,19.0,
294,2025-01-24,NZD,VND,14623.0,14014.0
295,2025-01-24,SGD,VND,18906.0,18356.0
296,2025-01-24,THB,VND,778.0,723.0
297,2025-01-24,USD,VND,,
298,2025-01-24,USD,VND,,
299,2025-01-24,USD,VND,25295.0,24910.0
300,2025-01-25,AUD,VND,16219.0,15559.0
301,2025-01-25,CAD,VND,17869.0,17220.0
302,2025-01-25,CHF,VND,28095.0,27412.0
303,2025-01-25,CNY,VND,3600.0,3358.0
304,2025-01-25,EUR,VND,27021.0,25948.0
305,2025-01-25,GBP,VND,31870.0,30877.0
306,2025-01-25,HKD,VND,3297.0,3089.0
307,2025-01-25,JPY,VND,164.58,158.13
308,2025-01-25,KRW,VND,19.0,
309,2025-01-25,NZD,VND,14612.0,14004.0
310,2025-01-25,SGD,VND,18920.0,18368.0
311,2025-01-25,THB,VND,780.0,724.0
312,2025-01-25,USD,VND,,
313,2025-01-25,USD,VND,,
314,2025-01-25,USD,VND,25295.0,24910.0
315,2025-02-03,AUD,VND,15917.0,15282.0
316,2025-02-03,CAD,VND,17594.0,16975.0
317,2025-02-03,CHF,VND,27971.0,27315.0
318,2025-02-03,CNY,VND,3600.0,3358.0
319,2025-02-03,EUR,VND,26571.0,25534.0
320,2025-02-03,GBP,VND,31659.0,30707.0
321,2025-02-03,HKD,VND,3320.0,3116.0
322,2025-02-03,JPY,VND,166.84,160.66
323,2025-02-03,KRW,VND,19.0,
324,2025-02-03,NZD,VND,14356.0,13759.0
325,2025-02-03,SGD,VND,18784.0,18253.0
326,2025-02-03,THB,VND,775.0,722.0
327,2025-02-03,USD,VND,,
328,2025-02-03,USD,VND,,
329,2025-02-03,USD,VND,25495.0,25140.0
330,2025-02-04,AUD,VND,15997.0,15369.0
331,2025-02-04,CAD,VND,17800.0,17182.0
332,2025-02-04,CHF,VND,28086.0,27432.0
333,2025-02-04,CNY,VND,3600.0,3358.0
334,2025-02-04,EUR,VND,26727.0,25693.0
335,2025-02-04,GBP,VND,31833.0,30896.0
336,2025-02-04,HKD,VND,3306.0,3103.0
337,2025-02-04,JPY,VND,166.0,159.82
338,2025-02-04,KRW,VND,19.0,
339,2025-02-04,NZD,VND,14405.0,13808.0
340,2025-02-04,SGD,VND,18838.0,18307.0
341,2025-02-04,THB,VND,776.0,722.0
342,2025-02-04,USD,VND,,
343,2025-02-04,USD,VND,,
344,2025-02-04,USD,VND,25370.0,25020.0
345,2025-02-05,AUD,VND,16175.0,15550.0
346,2025-02-05,CAD,VND,17980.0,17365.0
347,2025-02-05,CHF,VND,28251.0,27603.0
348,2025-02-05,CNY,VND,3600.0,3358.0
349,2025-02-05,EUR,VND,26863.0,25832.0
350,2025-02-05,GBP,VND,32011.0,31067.0
351,2025-02-05,HKD,VND,3303.0,3101.0
352,2025-02-05,JPY,VND,168.01,161.87
353,2025-02-05,KRW,VND,19.0,
354,2025-02-05,NZD,VND,14584.0,13992.0
355,2025-02-05,SGD,VND,18915.0,18387.0
356,2025-02-05,THB,VND,780.0,727.0
357,2025-02-05,USD,VND,,
358,2025-02-05,USD,VND,,
359,2025-02-05,USD,VND,25353.0,25008.0
360,2025-02-06,AUD,VND,16193.0,15562.0
361,2025-02-06,CAD,VND,17967.0,17339.0
362,2025-02-06,CHF,VND,28290.0,27646.0
363,2025-02-06,CNY,VND,3600.0,3358.0
364,2025-02-06,EUR,VND,26853.0,25811.0
365,2025-02-06,GBP,VND,31921.0,30965.0
366,2025-02-06,HKD,VND,3317.0,3114.0
367,2025-02-06,JPY,VND,169.22,163.01
368,2025-02-06,KRW,VND,19.0,
369,2025-02-06,NZD,VND,14577.0,13979.0
370,2025-02-06,SGD,VND,18932.0,18407.0
371,2025-02-06,THB,VND,780.0,726.0
372,2025-02-06,USD,VND,,
373,2025-02-06,USD,VND,,
374,2025-02-06,USD,VND,25455.0,25100.0
375,2025-02-07,AUD,VND,16275.0,15650.0
376,2025-02-07,CAD,VND,18028.0,17408.0
377,2025-02-07,CHF,VND,28290.0,27642.0
378,2025-02-07,CNY,VND,3600.0,3358.0
379,2025-02-07,EUR,VND,26947.0,25916.0
380,2025-02-07,GBP,VND,32041.0,31097.0
381,2025-02-07,HKD,VND,3319.0,3117.0
382,2025-02-07,JPY,VND,169.95,163.81
383,2025-02-07,KRW,VND,19.0,
384,2025-02-07,NZD,VND,14651.0,14059.0
385,2025-02-07,SGD,VND,18999.0,18471.0
386,2025-02-07,THB,VND,783.0,730.0
387,2025-02-07,USD,VND,,
388,2025-02-07,USD,VND,,
389,2025-02-07,USD,VND,25495.0,25140.0
390,2025-02-08,AUD,VND,16245.0,15614.0
391,2025-02-08,CAD,VND,18074.0,17452.0
392,2025-02-08,CHF,VND,28213.0,27551.0
393,2025-02-08,CNY,VND,3600.0,3358.0
394,2025-02-08,EUR,VND,26819.0,25780.0
395,2025-02-08,GBP,VND,31948.0,30999.0
396,2025-02-08,HKD,VND,3322.0,3118.0
397,2025-02-08,JPY,VND,170.84,164.6
398,2025-02-08,KRW,VND,19.0,
399,2025-02-08,NZD,VND,14607.0,14017.0
400,2025-02-08,SGD,VND,18957.0,18419.0
401,2025-02-08,THB,VND,779.0,725.0
402,2025-02-08,USD,VND,,
403,2025-02-08,USD,VND,,
404,2025-02-08,USD,VND,25505.0,25150.0
405,2025-02-10,AUD,VND,16306.0,15670.0
406,2025-02-10,CAD,VND,18069.0,17454.0
407,2025-02-10,CHF,VND,28260.0,27619.0
408,2025-02-10,CNY,VND,3600.0,3358.0
409,2025-02-10,EUR,VND,26878.0,25849.0
410,2025-02-10,GBP,VND,32015.0,31068.0
411,2025-02-10,HKD,VND,3330.0,3127.0
412,2025-02-10,JPY,VND,170.28,164.09
413,2025-02-10,KRW,VND,19.0,
414,2025-02-10,NZD,VND,14634.0,14044.0
415,2025-02-10,SGD,VND,19016.0,18488.0
416,2025-02-10,THB,VND,781.0,727.0
417,2025-02-10,USD,VND,,
418,2025-02-10,USD,VND,,
419,2025-02-10,USD,VND,25575.0,25220.0
420,2025-02-11,AUD,VND,16401.0,15759.0
421,2025-02-11,CAD,VND,18180.0,17557.0
422,2025-02-11,CHF,VND,28387.0,27731.0
423,2025-02-11,CNY,VND,3600.0,3358.0
424,2025-02-11,EUR,VND,27023.0,25984.0
425,2025-02-11,GBP,VND,32114.0,31160.0
426,2025-02-11,HKD,VND,3349.0,3145.0
427,2025-02-11,JPY,VND,171.67,165.42
428,2025-02-11,KRW,VND,19.0,
429,2025-02-11,NZD,VND,14699.0,14104.0
430,2025-02-11,SGD,VND,19111.0,18580.0
431,2025-02-11,THB,VND,782.0,728.0
432,2025-02-11,USD,VND,,
433,2025-02-11,USD,VND,,
434,2025-02-11,USD,VND,25725.0,25370.0
435,2025-02-12,AUD,VND,16398.0,15766.0
436,2025-02-12,CAD,VND,18218.0,17590.0
437,2025-02-12,CHF,VND,28431.0,27778.0
438,2025-02-12,CNY,VND,3600.0,3358.0
439,2025-02-12,EUR,VND,27174.0,26135.0
440,2025-02-12,GBP,VND,32311.0,31367.0
441,2025-02-12,HKD,VND,3353.0,3149.0
442,2025-02-12,JPY,VND,169.98,163.74
443,2025-02-12,KRW,VND,19.0,
444,2025-02-12,NZD,VND,14684.0,14084.0
445,2025-02-12,SGD,VND,19148.0,18619.0
446,2025-02-12,THB,VND,781.0,728.0
447,2025-02-12,USD,VND,,
448,2025-02-12,USD,VND,,
449,2025-02-12,USD,VND,25740.0,25385.0
450,2025-02-13,AUD,VND,16315.0,15684.0
451,2025-02-13,CAD,VND,18170.0,17545.0
452,2025-02-13,CHF,VND,28410.0,27766.0
453,2025-02-13,CNY,VND,3600.0,3358.0
454,2025-02-13,EUR,VND,27180.0,26138.0
455,2025-02-13,GBP,VND,32302.0,31359.0
456,2025-02-13,HKD,VND,3341.0,3137.0
457,2025-02-13,JPY,VND,168.87,162.62
458,2025-02-13,KRW,VND,19.0,
459,2025-02-13,NZD,VND,14626.0,14025.0
460,2025-02-13,SGD,VND,19127.0,18592.0
461,2025-02-13,THB,VND,784.0,731.0
462,2025-02-13,USD,VND,,
463,2025-02-13,USD,VND,,
464,2025-02-13,USD,VND,25645.0,25290.0
465,2025-02-14,AUD,VND,16462.0,15823.0
466,2025-02-14,CAD,VND,18282.0,17655.0
467,2025-02-14,CHF,VND,28516.0,27872.0
468,2025-02-14,CNY,VND,3600.0,3358.0
469,2025-02-14,EUR,VND,27275.0,26233.0
470,2025-02-14,GBP,VND,32471.0,31528.0
471,2025-02-14,HKD,VND,3334.0,3130.0
472,2025-02-14,JPY,VND,170.1,163.85
473,2025-02-14,KRW,VND,19.0,
474,2025-02-14,NZD,VND,14761.0,14171.0
475,2025-02-14,SGD,VND,19206.0,18670.0
476,2025-02-14,THB,VND,788.0,734.0
477,2025-02-14,USD,VND,,
478,2025-02-14,USD,VND,,
479,2025-02-14,USD,VND,25575.0,25220.0
480,2025-02-15,AUD,VND,16485.0,15839.0
481,2025-02-15,CAD,VND,18251.0,17613.0
482,2025-02-15,CHF,VND,28588.0,27914.0
483,2025-02-15,CNY,VND,3600.0,3358.0
484,2025-02-15,EUR,VND,27294.0,26237.0
485,2025-02-15,GBP,VND,32456.0,31495.0
486,2025-02-15,HKD,VND,3331.0,3126.0
487,2025-02-15,JPY,VND,170.14,163.85
488,2025-02-15,KRW,VND,19.0,
489,2025-02-15,NZD,VND,14811.0,14215.0
490,2025-02-15,SGD,VND,19209.0,18663.0
491,2025-02-15,THB,VND,786.0,732.0
492,2025-02-15,USD,VND,,
493,2025-02-15,USD,VND,,
494,2025-02-15,USD,VND,25555.0,25190.0
495,2025-02-17,AUD,VND,16576.0,15943.0
496,2025-02-17,CAD,VND,18308.0,17687.0
497,2025-02-17,CHF,VND,28664.0,28019.0
498,2025-02-17,CNY,VND,3600.0,3358.0
499,2025-02-17,EUR,VND,27346.0,26317.0
500,2025-02-17,GBP,VND,32598.0,31659.0
501,2025-02-17,HKD,VND,3346.0,3143.0
502,2025-02-17,JPY,VND,171.36,165.19
503,2025-02-17,KRW,VND,19.0,
504,2025-02-17,NZD,VND,14878.0,14289.0
505,2025-02-17,SGD,VND,19254.0,18726.0
506,2025-02-17,THB,VND,787.0,734.0
507,2025-02-17,USD,VND,,
508,2025-02-17,USD,VND,,
509,2025-02-17,USD,VND,25665.0,25310.0
510,2025-02-18,AUD,VND,16590.0,15957.0
511,2025-02-18,CAD,VND,18344.0,17726.0
512,2025-02-18,CHF,VND,28720.0,28074.0
513,2025-02-18,CNY,VND,3600.0,3358.0
514,2025-02-18,EUR,VND,27368.0,26326.0
515,2025-02-18,GBP,VND,32712.0,31773.0
516,2025-02-18,HKD,VND,3354.0,3151.0
517,2025-02-18,JPY,VND,171.56,165.42
518,2025-02-18,KRW,VND,19.0,
519,2025-02-18,NZD,VND,14846.0,14256.0
520,2025-02-18,SGD,VND,19283.0,18756.0
521,2025-02-18,THB,VND,789.0,736.0
522,2025-02-18,USD,VND,,
523,2025-02-18,USD,VND,,
524,2025-02-18,USD,VND,25705.0,25360.0
525,2025-02-19,AUD,VND,16588.0,15959.0
526,2025-02-19,CAD,VND,18333.0,17720.0
527,2025-02-19,CHF,VND,28573.0,27934.0
528,2025-02-19,CNY,VND,3600.0,3358.0
529,2025-02-19,EUR,VND,27295.0,26267.0
530,2025-02-19,GBP,VND,32694.0,31759.0
531,2025-02-19,HKD,VND,3353.0,3151.0
532,2025-02-19,JPY,VND,171.78,165.63
533,2025-02-19,KRW,VND,19.0,
534,2025-02-19,NZD,VND,14879.0,14292.0
535,2025-02-19,SGD,VND,19264.0,18748.0
536,2025-02-19,THB,VND,789.0,736.0
537,2025-02-19,USD,VND,,
538,2025-02-19,USD,VND,,
539,2025-02-19,USD,VND,25697.0,25355.0
540,2025-02-20,AUD,VND,16647.0,16019.0
541,2025-02-20,CAD,VND,18322.0,17704.0
542,2025-02-20,CHF,VND,28662.0,28029.0
543,2025-02-20,CNY,VND,3600.0,3358.0
544,2025-02-20,EUR,VND,27317.0,26277.0
545,2025-02-20,GBP,VND,32728.0,31781.0
546,2025-02-20,HKD,VND,3354.0,3151.0
547,2025-02-20,JPY,VND,173.51,167.35
548,2025-02-20,KRW,VND,19.0,
549,2025-02-20,NZD,VND,14905.0,14315.0
550,2025-02-20,SGD,VND,19335.0,18807.0
551,2025-02-20,THB,VND,791.0,737.0
552,2025-02-20,USD,VND,,
553,2025-02-20,USD,VND,,
554,2025-02-20,USD,VND,25705.0,25360.0
555,2025-02-21,AUD,VND,16662.0,16029.0
556,2025-02-21,CAD,VND,18340.0,17722.0
557,2025-02-21,CHF,VND,28786.0,28140.0
558,2025-02-21,CNY,VND,3600.0,3358.0
559,2025-02-21,EUR,VND,27401.0,26369.0
560,2025-02-21,GBP,VND,32811.0,31875.0
561,2025-02-21,HKD,VND,3356.0,3154.0
562,2025-02-21,JPY,VND,173.28,167.14
563,2025-02-21,KRW,VND,19.0,
564,2025-02-21,NZD,VND,14966.0,14376.0
565,2025-02-21,SGD,VND,19345.0,18827.0
566,2025-02-21,THB,VND,791.0,737.0
567,2025-02-21,USD,VND,,
568,2025-02-21,USD,VND,,
569,2025-02-21,USD,VND,25705.0,25360.0
570,2025-02-22,AUD,VND,16601.0,15957.0
571,2025-02-22,CAD,VND,18311.0,17683.0
572,2025-02-22,CHF,VND,28804.0,28160.0
573,2025-02-22,CNY,VND,3600.0,3358.0
574,2025-02-22,EUR,VND,27368.0,26325.0
575,2025-02-22,GBP,VND,32767.0,31817.0
576,2025-02-22,HKD,VND,3357.0,3153.0
577,2025-02-22,JPY,VND,174.58,168.36
578,2025-02-22,KRW,VND,19.0,
579,2025-02-22,NZD,VND,14928.0,14337.0
580,2025-02-22,SGD,VND,19369.0,18830.0
581,2025-02-22,THB,VND,793.0,738.0
582,2025-02-22,USD,VND,,
583,2025-02-22,USD,VND,,
584,2025-02-22,USD,VND,25710.0,25355.0
585,2025-02-24,AUD,VND,16579.0,15952.0
586,2025-02-24,CAD,VND,18280.0,17662.0
587,2025-02-24,CHF,VND,28699.0,28066.0
588,2025-02-24,CNY,VND,3600.0,3358.0
589,2025-02-24,EUR,VND,27340.0,26311.0
590,2025-02-24,GBP,VND,32691.0,31759.0
591,2025-02-24,HKD,VND,3348.0,3146.0
592,2025-02-24,JPY,VND,173.94,167.79
593,2025-02-24,KRW,VND,19.0,
594,2025-02-24,NZD,VND,14907.0,14323.0
595,2025-02-24,SGD,VND,19304.0,18780.0
596,2025-02-24,THB,VND,792.0,739.0
597,2025-02-24,USD,VND,,
598,2025-02-24,USD,VND,,
599,2025-02-24,USD,VND,25652.0,25307.0
600,2025-02-25,AUD,VND,16538.0,15904.0
601,2025-02-25,CAD,VND,18259.0,17636.0
602,2025-02-25,CHF,VND,28851.0,28197.0
603,2025-02-25,CNY,VND,3600.0,3358.0
604,2025-02-25,EUR,VND,27396.0,26356.0
605,2025-02-25,GBP,VND,32752.0,31798.0
606,2025-02-25,HKD,VND,3356.0,3152.0
607,2025-02-25,JPY,VND,174.2,167.99
608,2025-02-25,KRW,VND,19.0,
609,2025-02-25,NZD,VND,14872.0,14277.0
610,2025-02-25,SGD,VND,19320.0,18789.0
611,2025-02-25,THB,VND,789.0,736.0
612,2025-02-25,USD,VND,,
613,2025-02-25,USD,VND,,
614,2025-02-25,USD,VND,25715.0,25360.0
615,2025-02-26,AUD,VND,16515.0,15883.0
616,2025-02-26,CAD,VND,18170.0,17545.0
617,2025-02-26,CHF,VND,28905.0,28261.0
618,2025-02-26,CNY,VND,3600.0,3358.0
619,2025-02-26,EUR,VND,27467.0,26428.0
620,2025-02-26,GBP,VND,32837.0,31885.0
621,2025-02-26,HKD,VND,3356.0,3152.0
622,2025-02-26,JPY,VND,174.6,168.39
623,2025-02-26,KRW,VND,19.0,
624,2025-02-26,NZD,VND,14844.0,14254.0
625,2025-02-26,SGD,VND,19349.0,18817.0
626,2025-02-26,THB,VND,789.0,736.0
627,2025-02-26,USD,VND,,
628,2025-02-26,USD,VND,,
629,2025-02-26,USD,VND,25715.0,25360.0
630,2025-02-27,AUD,VND,16463.0,15830.0
631,2025-02-27,CAD,VND,18193.0,17575.0
632,2025-02-27,CHF,VND,28855.0,28206.0
633,2025-02-27,CNY,VND,3600.0,3358.0
634,2025-02-27,EUR,VND,27437.0,26408.0
635,2025-02-27,GBP,VND,32897.0,31955.0
636,2025-02-27,HKD,VND,3358.0,3155.0
637,2025-02-27,JPY,VND,174.06,167.91
638,2025-02-27,KRW,VND,19.0,
639,2025-02-27,NZD,VND,14794.0,14207.0
640,2025-02-27,SGD,VND,19317.0,18789.0
641,2025-02-27,THB,VND,785.0,732.0
642,2025-02-27,USD,VND,,
643,2025-02-27,USD,VND,,
644,2025-02-27,USD,VND,25725.0,25380.0
645,2025-02-28,AUD,VND,16254.0,15624.0
646,2025-02-28,CAD,VND,18058.0,17443.0
647,2025-02-28,CHF,VND,28728.0,28085.0
648,2025-02-28,CNY,VND,3600.0,3358.0
649,2025-02-28,EUR,VND,27256.0,26227.0
650,2025-02-28,GBP,VND,32729.0,31787.0
651,2025-02-28,HKD,VND,3357.0,3154.0
652,2025-02-28,JPY,VND,173.36,167.21
653,2025-02-28,KRW,VND,19.0,
654,2025-02-28,NZD,VND,14595.0,14010.0
655,2025-02-28,SGD,VND,19218.0,18694.0
656,2025-02-28,THB,VND,780.0,727.0
657,2025-02-28,USD,VND,,
658,2025-02-28,USD,VND,,
659,2025-02-28,USD,VND,25735.0,25390.0
660,2025-03-01,AUD,VND,16237.0,15601.0
661,2025-03-01,CAD,VND,18031.0,17408.0
662,2025-03-01,CHF,VND,28670.0,28013.0
663,2025-03-01,CNY,VND,3600.0,3358.0
664,2025-03-01,EUR,VND,27192.0,26150.0
665,2025-03-01,GBP,VND,32675.0,31726.0
666,2025-03-01,HKD,VND,3358.0,3154.0
667,2025-03-01,JPY,VND,173.32,167.06
668,2025-03-01,KRW,VND,19.0,
669,2025-03-01,NZD,VND,14595.0,13995.0
670,2025-03-01,SGD,VND,19187.0,18649.0
671,2025-03-01,THB,VND,779.0,724.0
672,2025-03-01,USD,VND,,
673,2025-03-01,USD,VND,,
674,2025-03-01,USD,VND,25745.0,25390.0
675,2025-03-03,AUD,VND,16308.0,15673.0
676,2025-03-03,CAD,VND,18108.0,17490.0
677,2025-03-03,CHF,VND,28802.0,28169.0
678,2025-03-03,CNY,VND,3600.0,3358.0
679,2025-03-03,EUR,VND,27382.0,26353.0
680,2025-03-03,GBP,VND,32864.0,31932.0
681,2025-03-03,HKD,VND,3364.0,3161.0
682,2025-03-03,JPY,VND,173.84,167.69
683,2025-03-03,KRW,VND,19.0,
684,2025-03-03,NZD,VND,14641.0,14046.0
685,2025-03-03,SGD,VND,19270.0,18743.0
686,2025-03-03,THB,VND,781.0,728.0
687,2025-03-03,USD,VND,,
688,2025-03-03,USD,VND,,
689,2025-03-03,USD,VND,25785.0,25440.0
690,2025-03-04,AUD,VND,16262.0,15629.0
691,2025-03-04,CAD,VND,18062.0,17444.0
692,2025-03-04,CHF,VND,29030.0,28389.0
693,2025-03-04,CNY,VND,3600.0,3358.0
694,2025-03-04,EUR,VND,27522.0,26492.0
695,2025-03-04,GBP,VND,33001.0,32070.0
696,2025-03-04,HKD,VND,3359.0,3156.0
697,2025-03-04,JPY,VND,175.16,169.01
698,2025-03-04,KRW,VND,19.0,
699,2025-03-04,NZD,VND,14648.0,14056.0
700,2025-03-04,SGD,VND,19271.0,18744.0
701,2025-03-04,THB,VND,787.0,733.0
702,2025-03-04,USD,VND,,
703,2025-03-04,USD,VND,,
704,2025-03-04,USD,VND,25745.0,25390.0
705,2025-03-05,AUD,VND,16396.0,15769.0
706,2025-03-05,CAD,VND,18092.0,17473.0
707,2025-03-05,CHF,VND,29172.0,28525.0
708,2025-03-05,CNY,VND,3600.0,3358.0
709,2025-03-05,EUR,VND,28000.0,26970.0
710,2025-03-05,GBP,VND,33273.0,32331.0
711,2025-03-05,HKD,VND,3353.0,3150.0
712,2025-03-05,JPY,VND,174.38,168.23
713,2025-03-05,KRW,VND,19.0,
714,2025-03-05,NZD,VND,14768.0,14178.0
715,2025-03-05,SGD,VND,19355.0,18829.0
716,2025-03-05,THB,VND,790.0,736.0
717,2025-03-05,USD,VND,,
718,2025-03-05,USD,VND,,
719,2025-03-05,USD,VND,25685.0,25340.0
720,2025-03-06,AUD,VND,16521.0,15883.0
721,2025-03-06,CAD,VND,18137.0,17518.0
722,2025-03-06,CHF,VND,29165.0,28512.0
723,2025-03-06,CNY,VND,3600.0,3358.0
724,2025-03-06,EUR,VND,28209.0,27174.0
725,2025-03-06,GBP,VND,33365.0,32417.0
726,2025-03-06,HKD,VND,3353.0,3150.0
727,2025-03-06,JPY,VND,176.23,170.04
728,2025-03-06,KRW,VND,19.0,
729,2025-03-06,NZD,VND,14901.0,14313.0
730,2025-03-06,SGD,VND,19396.0,18865.0
731,2025-03-06,THB,VND,787.0,733.0
732,2025-03-06,USD,VND,,
733,2025-03-06,USD,VND,,
734,2025-03-06,USD,VND,25685.0,25335.0
735,2025-03-07,AUD,VND,16480.0,15849.0
736,2025-03-07,CAD,VND,18208.0,17589.0
737,2025-03-07,CHF,VND,29438.0,28794.0
738,2025-03-07,CNY,VND,3600.0,3358.0
739,2025-03-07,EUR,VND,28381.0,27351.0
740,2025-03-07,GBP,VND,33512.0,32570.0
741,2025-03-07,HKD,VND,3355.0,3152.0
742,2025-03-07,JPY,VND,176.73,170.58
743,2025-03-07,KRW,VND,19.0,
744,2025-03-07,NZD,VND,14891.0,14302.0
745,2025-03-07,SGD,VND,19468.0,18942.0
746,2025-03-07,THB,VND,791.0,737.0
747,2025-03-07,USD,VND,,
748,2025-03-07,USD,VND,,
749,2025-03-07,USD,VND,25695.0,25350.0
750,2025-03-08,AUD,VND,16451.0,15820.0
751,2025-03-08,CAD,VND,18104.0,17477.0
752,2025-03-08,CHF,VND,29376.0,28711.0
753,2025-03-08,CNY,VND,3600.0,3358.0
754,2025-03-08,EUR,VND,28309.0,27263.0
755,2025-03-08,GBP,VND,33488.0,32538.0
756,2025-03-08,HKD,VND,3355.0,3151.0
757,2025-03-08,JPY,VND,175.93,169.72
758,2025-03-08,KRW,VND,19.0,
759,2025-03-08,NZD,VND,14843.0,14240.0
760,2025-03-08,SGD,VND,19434.0,18895.0
761,2025-03-08,THB,VND,791.0,733.0
762,2025-03-08,USD,VND,,
763,2025-03-08,USD,VND,,
764,2025-03-08,USD,VND,25695.0,25340.0
765,2025-03-10,AUD,VND,16512.0,15886.0
766,2025-03-10,CAD,VND,18127.0,17510.0
767,2025-03-10,CHF,VND,29477.0,28836.0
768,2025-03-10,CNY,VND,3600.0,3358.0
769,2025-03-10,EUR,VND,28370.0,27341.0
770,2025-03-10,GBP,VND,33478.0,32539.0
771,2025-03-10,HKD,VND,3356.0,3154.0
772,2025-03-10,JPY,VND,177.07,170.91
773,2025-03-10,KRW,VND,19.0,
774,2025-03-10,NZD,VND,14924.0,14336.0
775,2025-03-10,SGD,VND,19433.0,18911.0
776,2025-03-10,THB,VND,787.0,734.0
777,2025-03-10,USD,VND,,
778,2025-03-10,USD,VND,,
779,2025-03-10,USD,VND,25697.0,25352.0
780,2025-03-11,AUD,VND,16392.0,15762.0
781,2025-03-11,CAD,VND,18026.0,17408.0
782,2025-03-11,CHF,VND,29299.0,28655.0
783,2025-03-11,CNY,VND,3600.0,3358.0
784,2025-03-11,EUR,VND,28467.0,27434.0
785,2025-03-11,GBP,VND,33455.0,32516.0
786,2025-03-11,HKD,VND,3350.0,3147.0
787,2025-03-11,JPY,VND,176.52,170.33
788,2025-03-11,KRW,VND,19.0,
789,2025-03-11,NZD,VND,14809.0,14220.0
790,2025-03-11,SGD,VND,19403.0,18875.0
791,2025-03-11,THB,VND,785.0,732.0
792,2025-03-11,USD,VND,,
793,2025-03-11,USD,VND,,
794,2025-03-11,USD,VND,25650.0,25305.0
795,2025-03-12,AUD,VND,16373.0,15743.0
796,2025-03-12,CAD,VND,17995.0,17379.0
797,2025-03-12,CHF,VND,29179.0,28545.0
798,2025-03-12,CNY,VND,3600.0,3358.0
799,2025-03-12,EUR,VND,28451.0,27421.0
800,2025-03-12,GBP,VND,33455.0,32515.0
801,2025-03-12,HKD,VND,3348.0,3145.0
802,2025-03-12,JPY,VND,174.89,168.74
803,2025-03-12,KRW,VND,19.0,
804,2025-03-12,NZD,VND,14806.0,14216.0
805,2025-03-12,SGD,VND,19348.0,18830.0
806,2025-03-12,THB,VND,784.0,730.0
807,2025-03-12,USD,VND,,
808,2025-03-12,USD,VND,,
809,2025-03-12,USD,VND,25640.0,25295.0
810,2025-03-13,AUD,VND,16410.0,15786.0
811,2025-03-13,CAD,VND,18094.0,17478.0
812,2025-03-13,CHF,VND,29289.0,28648.0
813,2025-03-13,CNY,VND,3600.0,3358.0
814,2025-03-13,EUR,VND,28423.0,27394.0
815,2025-03-13,GBP,VND,33552.0,32625.0
816,2025-03-13,HKD,VND,3353.0,3151.0
817,2025-03-13,JPY,VND,175.86,169.73
818,2025-03-13,KRW,VND,19.0,
819,2025-03-13,NZD,VND,14822.0,14235.0
820,2025-03-13,SGD,VND,19378.0,18856.0
821,2025-03-13,THB,VND,787.0,733.0
822,2025-03-13,USD,VND,,
823,2025-03-13,USD,VND,,
824,2025-03-13,USD,VND,25690.0,25345.0
825,2025-03-14,AUD,VND,16461.0,15834.0
826,2025-03-14,CAD,VND,18061.0,17446.0
827,2025-03-14,CHF,VND,29240.0,28597.0
828,2025-03-14,CNY,VND,3600.0,3358.0
829,2025-03-14,EUR,VND,28359.0,27334.0
830,2025-03-14,GBP,VND,33526.0,32584.0
831,2025-03-14,HKD,VND,3355.0,3152.0
832,2025-03-14,JPY,VND,174.95,168.83
833,2025-03-14,KRW,VND,19.0,
834,2025-03-14,NZD,VND,14891.0,14301.0
835,2025-03-14,SGD,VND,19371.0,18847.0
836,2025-03-14,THB,VND,791.0,738.0
837,2025-03-14,USD,VND,,
838,2025-03-14,USD,VND,,
839,2025-03-14,USD,VND,25699.0,25358.0
840,2025-03-15,AUD,VND,16503.0,15872.0
841,2025-03-15,CAD,VND,18121.0,17499.0
842,2025-03-15,CHF,VND,29204.0,28552.0
843,2025-03-15,CNY,VND,3600.0,3358.0
844,2025-03-15,EUR,VND,28440.0,27394.0
845,2025-03-15,GBP,VND,33531.0,32581.0
846,2025-03-15,HKD,VND,3355.0,3151.0
847,2025-03-15,JPY,VND,175.32,169.08
848,2025-03-15,KRW,VND,19.0,
849,2025-03-15,NZD,VND,14945.0,14345.0
850,2025-03-15,SGD,VND,19401.0,18862.0
851,2025-03-15,THB,VND,793.0,736.0
852,2025-03-15,USD,VND,,
853,2025-03-15,USD,VND,,
854,2025-03-15,USD,VND,25705.0,25350.0
855,2025-03-17,AUD,VND,16581.0,15955.0
856,2025-03-17,CAD,VND,18147.0,17530.0
857,2025-03-17,CHF,VND,29299.0,28655.0
858,2025-03-17,CNY,VND,3600.0,3358.0
859,2025-03-17,EUR,VND,28498.0,27472.0
860,2025-03-17,GBP,VND,33604.0,32669.0
861,2025-03-17,HKD,VND,3357.0,3155.0
862,2025-03-17,JPY,VND,175.43,169.27
863,2025-03-17,KRW,VND,19.0,
864,2025-03-17,NZD,VND,15042.0,14454.0
865,2025-03-17,SGD,VND,19420.0,18903.0
866,2025-03-17,THB,VND,791.0,738.0
867,2025-03-17,USD,VND,,
868,2025-03-17,USD,VND,,
869,2025-03-17,USD,VND,25714.0,25372.0
870,2025-03-18,AUD,VND,16669.0,16041.0
871,2025-03-18,CAD,VND,18238.0,17622.0
872,2025-03-18,CHF,VND,29392.0,28751.0
873,2025-03-18,CNY,VND,3600.0,3358.0
874,2025-03-18,EUR,VND,28620.0,27594.0
875,2025-03-18,GBP,VND,33695.0,32759.0
876,2025-03-18,HKD,VND,3357.0,3155.0
877,2025-03-18,JPY,VND,174.02,167.9
878,2025-03-18,KRW,VND,19.0,
879,2025-03-18,NZD,VND,15152.0,14564.0
880,2025-03-18,SGD,VND,19450.0,18924.0
881,2025-03-18,THB,VND,792.0,739.0
882,2025-03-18,USD,VND,,
883,2025-03-18,USD,VND,,
884,2025-03-18,USD,VND,25709.0,25367.0
885,2025-03-19,AUD,VND,16526.0,15902.0
886,2025-03-19,CAD,VND,18186.0,17569.0
887,2025-03-19,CHF,VND,29424.0,28782.0
888,2025-03-19,CNY,VND,3600.0,3358.0
889,2025-03-19,EUR,VND,28506.0,27478.0
890,2025-03-19,GBP,VND,33653.0,32716.0
891,2025-03-19,HKD,VND,3359.0,3157.0
892,2025-03-19,JPY,VND,174.18,168.04
893,2025-03-19,KRW,VND,19.0,
894,2025-03-19,NZD,VND,15048.0,14462.0
895,2025-03-19,SGD,VND,19420.0,18897.0
896,2025-03-19,THB,VND,791.0,738.0
897,2025-03-19,USD,VND,,
898,2025-03-19,USD,VND,,
899,2025-03-19,USD,VND,25728.0,25385.0
900,2025-03-20,AUD,VND,16465.0,15839.0
901,2025-03-20,CAD,VND,18146.0,17530.0
902,2025-03-20,CHF,VND,29332.0,28691.0
903,2025-03-20,CNY,VND,3600.0,3358.0
904,2025-03-20,EUR,VND,28370.0,27341.0
905,2025-03-20,GBP,VND,33606.0,32678.0
906,2025-03-20,HKD,VND,3360.0,3157.0
907,2025-03-20,JPY,VND,175.37,169.24
908,2025-03-20,KRW,VND,19.0,
909,2025-03-20,NZD,VND,14964.0,14378.0
910,2025-03-20,SGD,VND,19408.0,18879.0
911,2025-03-20,THB,VND,789.0,736.0
912,2025-03-20,USD,VND,,
913,2025-03-20,USD,VND,,
914,2025-03-20,USD,VND,25737.0,25395.0
915,2025-03-21,AUD,VND,16467.0,15842.0
916,2025-03-21,CAD,VND,18223.0,17605.0
917,2025-03-21,CHF,VND,29344.0,28709.0
918,2025-03-21,CNY,VND,3600.0,3358.0
919,2025-03-21,EUR,VND,28396.0,27364.0
920,2025-03-21,GBP,VND,33650.0,32711.0
921,2025-03-21,HKD,VND,3365.0,3162.0
922,2025-03-21,JPY,VND,175.09,168.91
923,2025-03-21,KRW,VND,19.0,
924,2025-03-21,NZD,VND,15020.0,14430.0
925,2025-03-21,SGD,VND,19437.0,18908.0
926,2025-03-21,THB,VND,788.0,735.0
927,2025-03-21,USD,VND,,
928,2025-03-21,USD,VND,,
929,2025-03-21,USD,VND,25785.0,25440.0
930,2025-03-22,AUD,VND,16433.0,15794.0
931,2025-03-22,CAD,VND,18212.0,17589.0
932,2025-03-22,CHF,VND,29377.0,28721.0
933,2025-03-22,CNY,VND,3600.0,3358.0
934,2025-03-22,EUR,VND,28374.0,27331.0
935,2025-03-22,GBP,VND,33618.0,32668.0
936,2025-03-22,HKD,VND,3367.0,3163.0
937,2025-03-22,JPY,VND,175.16,168.94
938,2025-03-22,KRW,VND,19.0,
939,2025-03-22,NZD,VND,14964.0,14366.0
940,2025-03-22,SGD,VND,19441.0,18902.0
941,2025-03-22,THB,VND,791.0,737.0
942,2025-03-22,USD,VND,,
943,2025-03-22,USD,VND,,
944,2025-03-22,USD,VND,25800.0,25445.0
945,2025-03-24,AUD,VND,16516.0,15887.0
946,2025-03-24,CAD,VND,18249.0,17636.0
947,2025-03-24,CHF,VND,29449.0,28808.0
948,2025-03-24,CNY,VND,3600.0,3358.0
949,2025-03-24,EUR,VND,28456.0,27427.0
950,2025-03-24,GBP,VND,33759.0,32824.0
951,2025-03-24,HKD,VND,3369.0,3167.0
952,2025-03-24,JPY,VND,175.01,168.85
953,2025-03-24,KRW,VND,19.0,
954,2025-03-24,NZD,VND,15003.0,14415.0
955,2025-03-24,SGD,VND,19438.0,18916.0
956,2025-03-24,THB,VND,789.0,736.0
957,2025-03-24,USD,VND,,
958,2025-03-24,USD,VND,,
959,2025-03-24,USD,VND,25820.0,25475.0
960,2025-03-25,AUD,VND,16505.0,15877.0
961,2025-03-25,CAD,VND,18257.0,17637.0
962,2025-03-25,CHF,VND,29369.0,28722.0
963,2025-03-25,CNY,VND,3600.0,3358.0
964,2025-03-25,EUR,VND,28344.0,27314.0
965,2025-03-25,GBP,VND,33640.0,32693.0
966,2025-03-25,HKD,VND,3367.0,3164.0
967,2025-03-25,JPY,VND,173.9,167.76
968,2025-03-25,KRW,VND,19.0,
969,2025-03-25,NZD,VND,14946.0,14359.0
970,2025-03-25,SGD,VND,19420.0,18892.0
971,2025-03-25,THB,VND,787.0,733.0
972,2025-03-25,USD,VND,,
973,2025-03-25,USD,VND,,
974,2025-03-25,USD,VND,25805.0,25460.0
975,2025-03-26,AUD,VND,16539.0,15913.0
976,2025-03-26,CAD,VND,18304.0,17689.0
977,2025-03-26,CHF,VND,29316.0,28674.0
978,2025-03-26,CNY,VND,3600.0,3358.0
979,2025-03-26,EUR,VND,28285.0,27258.0
980,2025-03-26,GBP,VND,33508.0,32568.0
981,2025-03-26,HKD,VND,3361.0,3158.0
982,2025-03-26,JPY,VND,174.02,167.89
983,2025-03-26,KRW,VND,19.0,
984,2025-03-26,NZD,VND,14999.0,14413.0
985,2025-03-26,SGD,VND,19392.0,18865.0
986,2025-03-26,THB,VND,784.0,731.0
987,2025-03-26,USD,VND,,
988,2025-03-26,USD,VND,,
989,2025-03-26,USD,VND,25755.0,25410.0
990,2025-03-27,AUD,VND,16517.0,15892.0
991,2025-03-27,CAD,VND,18267.0,17652.0
992,2025-03-27,CHF,VND,29313.0,28684.0
993,2025-03-27,CNY,VND,3600.0,3358.0
994,2025-03-27,EUR,VND,28231.0,27207.0
995,2025-03-27,GBP,VND,33570.0,32637.0
996,2025-03-27,HKD,VND,3360.0,3158.0
997,2025-03-27,JPY,VND,173.4,167.25
998,2025-03-27,KRW,VND,19.0,
999,2025-03-27,NZD,VND,14977.0,14395.0
1000,2025-03-27,SGD,VND,19361.0,18837.0
1001,2025-03-27,THB,VND,786.0,733.0
1002,2025-03-27,USD,VND,,
1003,2025-03-27,USD,VND,,
1004,2025-03-27,USD,VND,25755.0,25415.0
1005,2025-03-28,AUD,VND,16470.0,15836.0
1006,2025-03-28,CAD,VND,18216.0,17595.0
1007,2025-03-28,CHF,VND,29354.0,28714.0
1008,2025-03-28,CNY,VND,3600.0,3358.0
1009,2025-03-28,EUR,VND,28229.0,27191.0
1010,2025-03-28,GBP,VND,33655.0,32717.0
1011,2025-03-28,HKD,VND,3361.0,3157.0
1012,2025-03-28,JPY,VND,173.47,167.28
1013,2025-03-28,KRW,VND,19.0,
1014,2025-03-28,NZD,VND,14906.0,14313.0
1015,2025-03-28,SGD,VND,19332.0,18804.0
1016,2025-03-28,THB,VND,784.0,731.0
1017,2025-03-28,USD,VND,,
1018,2025-03-28,USD,VND,,
1019,2025-03-28,USD,VND,25765.0,25415.0
1020,2025-03-29,AUD,VND,16446.0,15815.0
1021,2025-03-29,CAD,VND,18224.0,17599.0
1022,2025-03-29,CHF,VND,29424.0,28771.0
1023,2025-03-29,CNY,VND,3600.0,3358.0
1024,2025-03-29,EUR,VND,28364.0,27321.0
1025,2025-03-29,GBP,VND,33631.0,32668.0
1026,2025-03-29,HKD,VND,3360.0,3156.0
1027,2025-03-29,JPY,VND,174.32,168.06
1028,2025-03-29,KRW,VND,19.0,
1029,2025-03-29,NZD,VND,14895.0,14297.0
1030,2025-03-29,SGD,VND,19314.0,18787.0
1031,2025-03-29,THB,VND,787.0,730.0
1032,2025-03-29,USD,VND,,
1033,2025-03-29,USD,VND,,
1034,2025-03-29,USD,VND,25760.0,25405.0
1035,2025-03-31,AUD,VND,16353.0,15722.0
1036,2025-03-31,CAD,VND,18187.0,17561.0
1037,2025-03-31,CHF,VND,29405.0,28749.0
1038,2025-03-31,CNY,VND,3600.0,3358.0
1039,2025-03-31,EUR,VND,28337.0,27296.0
1040,2025-03-31,GBP,VND,33609.0,32657.0
1041,2025-03-31,HKD,VND,3362.0,3158.0
1042,2025-03-31,JPY,VND,175.09,168.88
1043,2025-03-31,KRW,VND,19.0,
1044,2025-03-31,NZD,VND,14824.0,14229.0
1045,2025-03-31,SGD,VND,19321.0,18795.0
1046,2025-03-31,THB,VND,786.0,733.0
1047,2025-03-31,USD,VND,,
1048,2025-03-31,USD,VND,,
1049,2025-03-31,USD,VND,25775.0,25420.0
1050,2025-04-01,AUD,VND,16421.0,15790.0
1051,2025-04-01,CAD,VND,18198.0,17580.0
1052,2025-04-01,CHF,VND,29454.0,28806.0
1053,2025-04-01,CNY,VND,3600.0,3358.0
1054,2025-04-01,EUR,VND,28437.0,27395.0
1055,2025-04-01,GBP,VND,33706.0,32758.0
1056,2025-04-01,HKD,VND,3368.0,3165.0
1057,2025-04-01,JPY,VND,175.04,168.88
1058,2025-04-01,KRW,VND,19.0,
1059,2025-04-01,NZD,VND,14853.0,14258.0
1060,2025-04-01,SGD,VND,19380.0,18852.0
1061,2025-04-01,THB,VND,784.0,731.0
1062,2025-04-01,USD,VND,,
1063,2025-04-01,USD,VND,,
1064,2025-04-01,USD,VND,25830.0,25485.0
1065,2025-04-02,AUD,VND,16532.0,15903.0
1066,2025-04-02,CAD,VND,18268.0,17651.0
1067,2025-04-02,CHF,VND,29364.0,28724.0
1068,2025-04-02,CNY,VND,3600.0,3358.0
1069,2025-04-02,EUR,VND,28344.0,27318.0
1070,2025-04-02,GBP,VND,33679.0,32751.0
1071,2025-04-02,HKD,VND,3366.0,3163.0
1072,2025-04-02,JPY,VND,175.13,169.0
1073,2025-04-02,KRW,VND,19.0,
1074,2025-04-02,NZD,VND,14993.0,14405.0
1075,2025-04-02,SGD,VND,19345.0,18820.0
1076,2025-04-02,THB,VND,782.0,729.0
1077,2025-04-02,USD,VND,,
1078,2025-04-02,USD,VND,,
1079,2025-04-02,USD,VND,25815.0,25465.0
1080,2025-04-03,AUD,VND,16760.0,16121.0
1081,2025-04-03,CAD,VND,18620.0,17997.0
1082,2025-04-03,CHF,VND,30348.0,29700.0
1083,2025-04-03,CNY,VND,3600.0,3358.0
1084,2025-04-03,EUR,VND,29346.0,28297.0
1085,2025-04-03,GBP,VND,34567.0,33622.0
1086,2025-04-03,HKD,VND,3389.0,3185.0
1087,2025-04-03,JPY,VND,179.92,173.7
1088,2025-04-03,KRW,VND,19.0,
1089,2025-04-03,NZD,VND,15297.0,14696.0
1090,2025-04-03,SGD,VND,19604.0,19078.0
1091,2025-04-03,THB,VND,785.0,732.0
1092,2025-04-03,USD,VND,,
1093,2025-04-03,USD,VND,,
1094,2025-04-03,USD,VND,25975.0,25620.0
1095,2025-04-04,AUD,VND,16332.0,15695.0
1096,2025-04-04,CAD,VND,18594.0,17971.0
1097,2025-04-04,CHF,VND,30640.0,29974.0
1098,2025-04-04,CNY,VND,3600.0,3358.0
1099,2025-04-04,EUR,VND,29142.0,28096.0
1100,2025-04-04,GBP,VND,34118.0,33160.0
1101,2025-04-04,HKD,VND,3391.0,3187.0
1102,2025-04-04,JPY,VND,180.9,174.68
1103,2025-04-04,KRW,VND,19.0,
1104,2025-04-04,NZD,VND,14952.0,14353.0
1105,2025-04-04,SGD,VND,19587.0,19046.0
1106,2025-04-04,THB,VND,786.0,733.0
1107,2025-04-04,USD,VND,,
1108,2025-04-04,USD,VND,,
1109,2025-04-04,USD,VND,25985.0,25630.0
1110,2025-04-05,AUD,VND,15922.0,15328.0
1111,2025-04-05,CAD,VND,18514.0,17886.0
1112,2025-04-05,CHF,VND,30366.0,29719.0
1113,2025-04-05,CNY,VND,3600.0,3358.0
1114,2025-04-05,EUR,VND,28949.0,27906.0
1115,2025-04-05,GBP,VND,33798.0,32848.0
1116,2025-04-05,HKD,VND,3392.0,3188.0
1117,2025-04-05,JPY,VND,179.3,173.06
1118,2025-04-05,KRW,VND,19.0,
1119,2025-04-05,NZD,VND,14717.0,14127.0
1120,2025-04-05,SGD,VND,19445.0,18907.0
1121,2025-04-05,THB,VND,783.0,728.0
1122,2025-04-05,USD,VND,,
1123,2025-04-05,USD,VND,,
1124,2025-04-05,USD,VND,25995.0,25640.0
1125,2025-04-08,AUD,VND,16035.0,15440.0
1126,2025-04-08,CAD,VND,18679.0,18049.0
1127,2025-04-08,CHF,VND,30701.0,30024.0
1128,2025-04-08,CNY,VND,3600.0,3358.0
1129,2025-04-08,EUR,VND,29070.0,28018.0
1130,2025-04-08,GBP,VND,33681.0,32711.0
1131,2025-04-08,HKD,VND,3420.0,3215.0
1132,2025-04-08,JPY,VND,180.25,173.97
1133,2025-04-08,KRW,VND,19.0,
1134,2025-04-08,NZD,VND,14813.0,14210.0
1135,2025-04-08,SGD,VND,19522.0,18979.0
1136,2025-04-08,THB,VND,779.0,725.0
1137,2025-04-08,USD,VND,,
1138,2025-04-08,USD,VND,,
1139,2025-04-08,USD,VND,26142.0,25830.0
1140,2025-04-09,AUD,VND,15953.0,15362.0
1141,2025-04-09,CAD,VND,18668.0,18045.0
1142,2025-04-09,CHF,VND,31266.0,30617.0
1143,2025-04-09,CNY,VND,3600.0,3358.0
1144,2025-04-09,EUR,VND,29399.0,28345.0
1145,2025-04-09,GBP,VND,33874.0,32919.0
1146,2025-04-09,HKD,VND,3422.0,3218.0
1147,2025-04-09,JPY,VND,182.5,176.22
1148,2025-04-09,KRW,VND,19.0,
1149,2025-04-09,NZD,VND,14714.0,14114.0
1150,2025-04-09,SGD,VND,19562.0,19036.0
1151,2025-04-09,THB,VND,784.0,730.0
1152,2025-04-09,USD,VND,,
1153,2025-04-09,USD,VND,,
1154,2025-04-09,USD,VND,26182.0,25830.0
1155,2025-04-10,AUD,VND,16177.0,15593.0
1156,2025-04-10,CAD,VND,18682.0,18055.0
1157,2025-04-10,CHF,VND,30947.0,30283.0
1158,2025-04-10,CNY,VND,3600.0,3358.0
1159,2025-04-10,EUR,VND,29148.0,28105.0
1160,2025-04-10,GBP,VND,33710.0,32758.0
1161,2025-04-10,HKD,VND,3393.0,3189.0
1162,2025-04-10,JPY,VND,180.08,173.83
1163,2025-04-10,KRW,VND,19.0,
1164,2025-04-10,NZD,VND,14912.0,14316.0
1165,2025-04-10,SGD,VND,19520.0,18979.0
1166,2025-04-10,THB,VND,785.0,732.0
1167,2025-04-10,USD,VND,,
1168,2025-04-10,USD,VND,,
1169,2025-04-10,USD,VND,25965.0,25610.0
1170,2025-04-11,AUD,VND,16348.0,15766.0
1171,2025-04-11,CAD,VND,18886.0,18262.0
1172,2025-04-11,CHF,VND,31787.0,31117.0
1173,2025-04-11,CNY,VND,3600.0,3358.0
1174,2025-04-11,EUR,VND,29921.0,28874.0
1175,2025-04-11,GBP,VND,34236.0,33290.0
1176,2025-04-11,HKD,VND,3391.0,3187.0
1177,2025-04-11,JPY,VND,183.87,177.64
1178,2025-04-11,KRW,VND,18.6,
1179,2025-04-11,NZD,VND,15232.0,14631.0
1180,2025-04-11,SGD,VND,19765.0,19239.0
1181,2025-04-11,THB,VND,798.0,744.0
1182,2025-04-11,USD,VND,,
1183,2025-04-11,USD,VND,,
1184,2025-04-11,USD,VND,25925.0,25570.0
1185,2025-04-12,AUD,VND,16515.0,15919.0
1186,2025-04-12,CAD,VND,18942.0,18309.0
1187,2025-04-12,CHF,VND,31977.0,31306.0
1188,2025-04-12,CNY,VND,3600.0,3358.0
1189,2025-04-12,EUR,VND,29936.0,28882.0
1190,2025-04-12,GBP,VND,34223.0,33260.0
1191,2025-04-12,HKD,VND,3394.0,3189.0
1192,2025-04-12,JPY,VND,183.11,176.79
1193,2025-04-12,KRW,VND,18.6,
1194,2025-04-12,NZD,VND,15279.0,14683.0
1195,2025-04-12,SGD,VND,19791.0,19244.0
1196,2025-04-12,THB,VND,804.0,746.0
1197,2025-04-12,USD,VND,,
1198,2025-04-12,USD,VND,,
1199,2025-04-12,USD,VND,25945.0,25580.0
1200,2025-04-14,AUD,VND,16651.0,16070.0
1201,2025-04-14,CAD,VND,19015.0,18395.0
1202,2025-04-14,CHF,VND,31927.0,31276.0
1203,2025-04-14,CNY,VND,3600.0,3358.0
1204,2025-04-14,EUR,VND,30055.0,29025.0
1205,2025-04-14,GBP,VND,34534.0,33594.0
1206,2025-04-14,HKD,VND,3402.0,3199.0
1207,2025-04-14,JPY,VND,184.02,177.82
1208,2025-04-14,KRW,VND,18.6,
1209,2025-04-14,NZD,VND,15441.0,14851.0
1210,2025-04-14,SGD,VND,19884.0,19355.0
1211,2025-04-14,THB,VND,802.0,749.0
1212,2025-04-14,USD,VND,,
1213,2025-04-14,USD,VND,,
1214,2025-04-14,USD,VND,26005.0,25660.0
1215,2025-04-15,AUD,VND,16722.0,16135.0
1216,2025-04-15,CAD,VND,19003.0,18374.0
1217,2025-04-15,CHF,VND,32059.0,31392.0
1218,2025-04-15,CNY,VND,3600.0,3358.0
1219,2025-04-15,EUR,VND,29974.0,28932.0
1220,2025-04-15,GBP,VND,34746.0,33785.0
1221,2025-04-15,HKD,VND,3402.0,3198.0
1222,2025-04-15,JPY,VND,184.49,178.26
1223,2025-04-15,KRW,VND,18.6,
1224,2025-04-15,NZD,VND,15555.0,14959.0
1225,2025-04-15,SGD,VND,19899.0,19364.0
1226,2025-04-15,THB,VND,802.0,748.0
1227,2025-04-15,USD,VND,,
1228,2025-04-15,USD,VND,,
1229,2025-04-15,USD,VND,26015.0,25660.0
1230,2025-04-16,AUD,VND,16788.0,16207.0
1231,2025-04-16,CAD,VND,18943.0,18323.0
1232,2025-04-16,CHF,VND,31998.0,31347.0
1233,2025-04-16,CNY,VND,3600.0,3358.0
1234,2025-04-16,EUR,VND,30034.0,29001.0
1235,2025-04-16,GBP,VND,34824.0,33881.0
1236,2025-04-16,HKD,VND,3402.0,3200.0
1237,2025-04-16,JPY,VND,184.6,178.4
1238,2025-04-16,KRW,VND,18.6,
1239,2025-04-16,NZD,VND,15559.0,14968.0
1240,2025-04-16,SGD,VND,19932.0,19406.0
1241,2025-04-16,THB,VND,810.0,756.0
1242,2025-04-16,USD,VND,,
1243,2025-04-16,USD,VND,,
1244,2025-04-16,USD,VND,26035.0,25680.0
1245,2025-04-17,AUD,VND,16775.0,16183.0
1246,2025-04-17,CAD,VND,19009.0,18379.0
1247,2025-04-17,CHF,VND,32063.0,31404.0
1248,2025-04-17,CNY,VND,3600.0,3358.0
1249,2025-04-17,EUR,VND,30120.0,29072.0
1250,2025-04-17,GBP,VND,34810.0,33859.0
1251,2025-04-17,HKD,VND,3407.0,3203.0
1252,2025-04-17,JPY,VND,185.09,178.81
1253,2025-04-17,KRW,VND,18.6,
1254,2025-04-17,NZD,VND,15637.0,15036.0
1255,2025-04-17,SGD,VND,19996.0,19460.0
1256,2025-04-17,THB,VND,810.0,756.0
1257,2025-04-17,USD,VND,,
1258,2025-04-17,USD,VND,,
1259,2025-04-17,USD,VND,26075.0,25720.0
1260,2025-04-18,AUD,VND,16864.0,16271.0
1261,2025-04-18,CAD,VND,19092.0,18467.0
1262,2025-04-18,CHF,VND,32077.0,31417.0
1263,2025-04-18,CNY,VND,3600.0,3358.0
1264,2025-04-18,EUR,VND,30188.0,29141.0
1265,2025-04-18,GBP,VND,34979.0,34013.0
1266,2025-04-18,HKD,VND,3416.0,3212.0
1267,2025-04-18,JPY,VND,185.92,179.67
1268,2025-04-18,KRW,VND,18.6,
1269,2025-04-18,NZD,VND,15681.0,15077.0
1270,2025-04-18,SGD,VND,20048.0,19510.0
1271,2025-04-18,THB,VND,808.0,754.0
1272,2025-04-18,USD,VND,,
1273,2025-04-18,USD,VND,,
1274,2025-04-18,USD,VND,26140.0,25785.0
1275,2025-04-19,AUD,VND,16866.0,16284.0
1276,2025-04-19,CAD,VND,19104.0,18480.0
1277,2025-04-19,CHF,VND,32174.0,31522.0
1278,2025-04-19,CNY,VND,3600.0,3358.0
1279,2025-04-19,EUR,VND,30243.0,29196.0
1280,2025-04-19,GBP,VND,35039.0,34083.0
1281,2025-04-19,HKD,VND,3416.0,3212.0
1282,2025-04-19,JPY,VND,186.17,179.94
1283,2025-04-19,KRW,VND,18.6,
1284,2025-04-19,NZD,VND,15686.0,15095.0
1285,2025-04-19,SGD,VND,20065.0,19526.0
1286,2025-04-19,THB,VND,810.0,754.0
1287,2025-04-19,USD,VND,,
1288,2025-04-19,USD,VND,,
1289,2025-04-19,USD,VND,26140.0,25785.0
1290,2025-04-21,AUD,VND,16967.0,16381.0
1291,2025-04-21,CAD,VND,19124.0,18499.0
1292,2025-04-21,CHF,VND,32527.0,31871.0
1293,2025-04-21,CNY,VND,3600.0,3358.0
1294,2025-04-21,EUR,VND,30573.0,29540.0
1295,2025-04-21,GBP,VND,35229.0,34278.0
1296,2025-04-21,HKD,VND,3405.0,3203.0
1297,2025-04-21,JPY,VND,187.58,181.42
1298,2025-04-21,KRW,VND,18.6,
1299,2025-04-21,NZD,VND,15851.0,15258.0
1300,2025-04-21,SGD,VND,20141.0,19611.0
1301,2025-04-21,THB,VND,814.0,760.0
1302,2025-04-21,USD,VND,,
1303,2025-04-21,USD,VND,,
1304,2025-04-21,USD,VND,26060.0,25715.0
1305,2025-04-22,AUD,VND,16947.0,16366.0
1306,2025-04-22,CAD,VND,19137.0,18514.0
1307,2025-04-22,CHF,VND,32401.0,31747.0
1308,2025-04-22,CNY,VND,3600.0,3358.0
1309,2025-04-22,EUR,VND,30523.0,29487.0
1310,2025-04-22,GBP,VND,35247.0,34300.0
1311,2025-04-22,HKD,VND,3421.0,3218.0
1312,2025-04-22,JPY,VND,188.6,182.39
1313,2025-04-22,KRW,VND,18.6,
1314,2025-04-22,NZD,VND,15875.0,15287.0
1315,2025-04-22,SGD,VND,20136.0,19605.0
1316,2025-04-22,THB,VND,814.0,760.0
1317,2025-04-22,USD,VND,,
1318,2025-04-22,USD,VND,,
1319,2025-04-22,USD,VND,26120.0,25815.0
1320,2025-04-23,AUD,VND,17000.0,16410.0
1321,2025-04-23,CAD,VND,19206.0,18578.0
1322,2025-04-23,CHF,VND,32028.0,31361.0
1323,2025-04-23,CNY,VND,3600.0,3358.0
1324,2025-04-23,EUR,VND,30373.0,29323.0
1325,2025-04-23,GBP,VND,35175.0,34219.0
1326,2025-04-23,HKD,VND,3424.0,3220.0
1327,2025-04-23,JPY,VND,186.97,180.74
1328,2025-04-23,KRW,VND,18.6,
1329,2025-04-23,NZD,VND,15870.0,15268.0
1330,2025-04-23,SGD,VND,20112.0,19585.0
1331,2025-04-23,THB,VND,811.0,757.0
1332,2025-04-23,USD,VND,,
1333,2025-04-23,USD,VND,,
1334,2025-04-23,USD,VND,26141.0,25840.0
1335,2025-04-24,AUD,VND,16952.0,16368.0
1336,2025-04-24,CAD,VND,19171.0,18551.0
1337,2025-04-24,CHF,VND,31949.0,31298.0
1338,2025-04-24,CNY,VND,3600.0,3358.0
1339,2025-04-24,EUR,VND,30332.0,29296.0
1340,2025-04-24,GBP,VND,35191.0,34251.0
1341,2025-04-24,HKD,VND,3428.0,3226.0
1342,2025-04-24,JPY,VND,186.5,180.34
1343,2025-04-24,KRW,VND,18.6,
1344,2025-04-24,NZD,VND,15854.0,15258.0
1345,2025-04-24,SGD,VND,20128.0,19600.0
1346,2025-04-24,THB,VND,811.0,758.0
1347,2025-04-24,USD,VND,,
1348,2025-04-24,USD,VND,,
1349,2025-04-24,USD,VND,26174.0,25880.0
1350,2025-04-25,AUD,VND,16918.0,16337.0
1351,2025-04-25,CAD,VND,19098.0,18479.0
1352,2025-04-25,CHF,VND,31734.0,31081.0
1353,2025-04-25,CNY,VND,3600.0,3358.0
1354,2025-04-25,EUR,VND,30205.0,29172.0
1355,2025-04-25,GBP,VND,35141.0,34201.0
1356,2025-04-25,HKD,VND,3426.0,3224.0
1357,2025-04-25,JPY,VND,184.91,178.71
1358,2025-04-25,KRW,VND,19.0,
1359,2025-04-25,NZD,VND,15774.0,15179.0
1360,2025-04-25,SGD,VND,20051.0,19526.0
1361,2025-04-25,THB,VND,808.0,754.0
1362,2025-04-25,USD,VND,,
1363,2025-04-25,USD,VND,,
1364,2025-04-25,USD,VND,26195.0,25860.0
1365,2025-04-26,AUD,VND,16968.0,16373.0
1366,2025-04-26,CAD,VND,19146.0,18517.0
1367,2025-04-26,CHF,VND,31812.0,31161.0
1368,2025-04-26,CNY,VND,3600.0,3358.0
1369,2025-04-26,EUR,VND,30250.0,29205.0
1370,2025-04-26,GBP,VND,35179.0,34228.0
1371,2025-04-26,HKD,VND,3427.0,3223.0
1372,2025-04-26,JPY,VND,184.75,178.47
1373,2025-04-26,KRW,VND,19.0,
1374,2025-04-26,NZD,VND,15796.0,15194.0
1375,2025-04-26,SGD,VND,20058.0,19518.0
1376,2025-04-26,THB,VND,808.0,754.0
1377,2025-04-26,USD,VND,,
1378,2025-04-26,USD,VND,,
1379,2025-04-26,USD,VND,26210.0,25855.0
1380,2025-04-28,AUD,VND,16945.0,16367.0
1381,2025-04-28,CAD,VND,19106.0,18489.0
1382,2025-04-28,CHF,VND,31729.0,31075.0
1383,2025-04-28,CNY,VND,3600.0,3358.0
1384,2025-04-28,EUR,VND,30181.0,29151.0
1385,2025-04-28,GBP,VND,35212.0,34272.0
1386,2025-04-28,HKD,VND,3423.0,3221.0
1387,2025-04-28,JPY,VND,184.89,178.73
1388,2025-04-28,KRW,VND,19.0,
1389,2025-04-28,NZD,VND,15750.0,15160.0
1390,2025-04-28,SGD,VND,20053.0,19534.0
1391,2025-04-28,THB,VND,804.0,751.0
1392,2025-04-28,USD,VND,,
1393,2025-04-28,USD,VND,,
1394,2025-04-28,USD,VND,26182.0,25837.0
1395,2025-04-29,AUD,VND,16989.0,16414.0
1396,2025-04-29,CAD,VND,19144.0,18525.0
1397,2025-04-29,CHF,VND,31876.0,31225.0
1398,2025-04-29,CNY,VND,3600.0,3358.0
1399,2025-04-29,EUR,VND,30269.0,29238.0
1400,2025-04-29,GBP,VND,35366.0,34423.0
1401,2025-04-29,HKD,VND,3424.0,3221.0
1402,2025-04-29,JPY,VND,185.84,179.68
1403,2025-04-29,KRW,VND,19.0,
1404,2025-04-29,NZD,VND,15773.0,15183.0
1405,2025-04-29,SGD,VND,20131.0,19601.0
1406,2025-04-29,THB,VND,810.0,757.0
1407,2025-04-29,USD,VND,,
1408,2025-04-29,USD,VND,,
1409,2025-04-29,USD,VND,26190.0,25845.0
1410,2025-05-05,AUD,VND,17167.0,16583.0
1411,2025-05-05,CAD,VND,19188.0,18565.0
1412,2025-05-05,CHF,VND,31897.0,31235.0
1413,2025-05-05,CNY,VND,3600.0,3358.0
1414,2025-05-05,EUR,VND,30107.0,29074.0
1415,2025-05-05,GBP,VND,35058.0,34113.0
1416,2025-05-05,HKD,VND,3420.0,3218.0
1417,2025-05-05,JPY,VND,184.0,177.85
1418,2025-05-05,KRW,VND,19.0,
1419,2025-05-05,NZD,VND,15813.0,15220.0
1420,2025-05-05,SGD,VND,20443.0,19911.0
1421,2025-05-05,THB,VND,820.0,767.0
1422,2025-05-05,USD,VND,,
1423,2025-05-05,USD,VND,,
1424,2025-05-05,USD,VND,26135.0,25790.0
1425,2025-05-06,AUD,VND,17069.0,16490.0
1426,2025-05-06,CAD,VND,19150.0,18534.0
1427,2025-05-06,CHF,VND,31826.0,31179.0
1428,2025-05-06,CNY,VND,3600.0,3358.0
1429,2025-05-06,EUR,VND,30056.0,29026.0
1430,2025-05-06,GBP,VND,35134.0,34198.0
1431,2025-05-06,HKD,VND,3422.0,3220.0
1432,2025-05-06,JPY,VND,184.95,178.81
1433,2025-05-06,KRW,VND,19.5,18.1
1434,2025-05-06,NZD,VND,15785.0,15202.0
1435,2025-05-06,SGD,VND,20387.0,19870.0
1436,2025-05-06,THB,VND,827.0,773.0
1437,2025-05-06,USD,VND,,
1438,2025-05-06,USD,VND,,
1439,2025-05-06,USD,VND,26149.0,25807.0
1440,2025-05-07,AUD,VND,17104.0,16524.0
1441,2025-05-07,CAD,VND,19171.0,18550.0
1442,2025-05-07,CHF,VND,31882.0,31227.0
1443,2025-05-07,CNY,VND,3600.0,3358.0
1444,2025-05-07,EUR,VND,30149.0,29118.0
1445,2025-05-07,GBP,VND,35139.0,34188.0
1446,2025-05-07,HKD,VND,3417.0,3214.0
1447,2025-05-07,JPY,VND,184.7,178.54
1448,2025-05-07,KRW,VND,19.3,17.4
1449,2025-05-07,NZD,VND,15811.0,15218.0
1450,2025-05-07,SGD,VND,20365.0,19836.0
1451,2025-05-07,THB,VND,825.0,771.0
1452,2025-05-07,USD,VND,,
1453,2025-05-07,USD,VND,,
1454,2025-05-07,USD,VND,26135.0,25790.0
1455,2025-05-08,AUD,VND,16969.0,16384.0
1456,2025-05-08,CAD,VND,19064.0,18446.0
1457,2025-05-08,CHF,VND,31816.0,31168.0
1458,2025-05-08,CNY,VND,3600.0,3358.0
1459,2025-05-08,EUR,VND,29976.0,28935.0
1460,2025-05-08,GBP,VND,34985.0,34047.0
1461,2025-05-08,HKD,VND,3413.0,3210.0
1462,2025-05-08,JPY,VND,182.87,176.73
1463,2025-05-08,KRW,VND,19.3,17.4
1464,2025-05-08,NZD,VND,15651.0,15062.0
1465,2025-05-08,SGD,VND,20288.0,19763.0
1466,2025-05-08,THB,VND,822.0,769.0
1467,2025-05-08,USD,VND,,
1468,2025-05-08,USD,VND,,
1469,2025-05-08,USD,VND,26150.0,25807.0
1470,2025-05-09,AUD,VND,16929.0,16348.0
1471,2025-05-09,CAD,VND,19017.0,18397.0
1472,2025-05-09,CHF,VND,31579.0,30926.0
1473,2025-05-09,CNY,VND,3600.0,3358.0
1474,2025-05-09,EUR,VND,29862.0,28831.0
1475,2025-05-09,GBP,VND,34960.0,34028.0
1476,2025-05-09,HKD,VND,3409.0,3207.0
1477,2025-05-09,JPY,VND,182.2,176.04
1478,2025-05-09,KRW,VND,19.3,17.4
1479,2025-05-09,NZD,VND,15565.0,14974.0
1480,2025-05-09,SGD,VND,20261.0,19733.0
1481,2025-05-09,THB,VND,818.0,765.0
1482,2025-05-09,USD,VND,,
1483,2025-05-09,USD,VND,,
1484,2025-05-09,USD,VND,26145.0,25800.0
1485,2025-05-10,AUD,VND,16969.0,16385.0
1486,2025-05-10,CAD,VND,18995.0,18371.0
1487,2025-05-10,CHF,VND,31621.0,30948.0
1488,2025-05-10,CNY,VND,3600.0,3358.0
1489,2025-05-10,EUR,VND,29883.0,28839.0
1490,2025-05-10,GBP,VND,35080.0,34129.0
1491,2025-05-10,HKD,VND,3411.0,3207.0
1492,2025-05-10,JPY,VND,182.29,176.03
1493,2025-05-10,KRW,VND,19.3,17.4
1494,2025-05-10,NZD,VND,15625.0,15024.0
1495,2025-05-10,SGD,VND,20278.0,19734.0
1496,2025-05-10,THB,VND,820.0,766.0
1497,2025-05-10,USD,VND,,
1498,2025-05-10,USD,VND,,
1499,2025-05-10,USD,VND,26155.0,25800.0
1500,2025-05-12,AUD,VND,16930.0,16348.0
1501,2025-05-12,CAD,VND,18945.0,18322.0
1502,2025-05-12,CHF,VND,31104.0,30446.0
1503,2025-05-12,CNY,VND,3600.0,3358.0
1504,2025-05-12,EUR,VND,29517.0,28481.0
1505,2025-05-12,GBP,VND,34769.0,33828.0
1506,2025-05-12,HKD,VND,3404.0,3201.0
1507,2025-05-12,JPY,VND,178.86,172.68
1508,2025-05-12,KRW,VND,19.3,17.4
1509,2025-05-12,NZD,VND,15549.0,14956.0
1510,2025-05-12,SGD,VND,20141.0,19607.0
1511,2025-05-12,THB,VND,808.0,754.0
1512,2025-05-12,USD,VND,,
1513,2025-05-12,USD,VND,,
1514,2025-05-12,USD,VND,26150.0,25800.0
1515,2025-05-13,AUD,VND,16957.0,16379.0
1516,2025-05-13,CAD,VND,18922.0,18303.0
1517,2025-05-13,CHF,VND,31202.0,30564.0
1518,2025-05-13,CNY,VND,3600.0,3358.0
1519,2025-05-13,EUR,VND,29479.0,28449.0
1520,2025-05-13,GBP,VND,34805.0,33863.0
1521,2025-05-13,HKD,VND,3402.0,3199.0
1522,2025-05-13,JPY,VND,178.88,172.73
1523,2025-05-13,KRW,VND,18.9,17.2
1524,2025-05-13,NZD,VND,15572.0,14979.0
1525,2025-05-13,SGD,VND,20152.0,19625.0
1526,2025-05-13,THB,VND,814.0,760.0
1527,2025-05-13,USD,VND,,
1528,2025-05-13,USD,VND,,
1529,2025-05-13,USD,VND,26140.0,25795.0
1530,2025-05-14,AUD,VND,17111.0,16528.0
1531,2025-05-14,CAD,VND,18991.0,18371.0
1532,2025-05-14,CHF,VND,31467.0,30807.0
1533,2025-05-14,CNY,VND,3600.0,3358.0
1534,2025-05-14,EUR,VND,29832.0,28799.0
1535,2025-05-14,GBP,VND,35133.0,34182.0
1536,2025-05-14,HKD,VND,3394.0,3191.0
1537,2025-05-14,JPY,VND,181.37,175.22
1538,2025-05-14,KRW,VND,19.2,17.5
1539,2025-05-14,NZD,VND,15723.0,15130.0
1540,2025-05-14,SGD,VND,20266.0,19736.0
1541,2025-05-14,THB,VND,812.0,759.0
1542,2025-05-14,USD,VND,,
1543,2025-05-14,USD,VND,,
1544,2025-05-14,USD,VND,26105.0,25760.0
1545,2025-05-15,AUD,VND,16973.0,16391.0
1546,2025-05-15,CAD,VND,18906.0,18291.0
1547,2025-05-15,CHF,VND,31354.0,30722.0
1548,2025-05-15,CNY,VND,3600.0,3358.0
1549,2025-05-15,EUR,VND,29727.0,28700.0
1550,2025-05-15,GBP,VND,34975.0,34044.0
1551,2025-05-15,HKD,VND,3392.0,3190.0
1552,2025-05-15,JPY,VND,181.41,175.29
1553,2025-05-15,KRW,VND,19.3,17.5
1554,2025-05-15,NZD,VND,15551.0,14966.0
1555,2025-05-15,SGD,VND,20243.0,19727.0
1556,2025-05-15,THB,VND,810.0,757.0
1557,2025-05-15,USD,VND,,
1558,2025-05-15,USD,VND,,
1559,2025-05-15,USD,VND,26113.0,25773.0
1560,2025-05-16,AUD,VND,16972.0,16396.0
1561,2025-05-16,CAD,VND,18935.0,18318.0
1562,2025-05-16,CHF,VND,31408.0,30751.0
1563,2025-05-16,CNY,VND,3600.0,3358.0
1564,2025-05-16,EUR,VND,29696.0,28669.0
1565,2025-05-16,GBP,VND,35003.0,34067.0
1566,2025-05-16,HKD,VND,3389.0,3186.0
1567,2025-05-16,JPY,VND,181.97,175.83
1568,2025-05-16,KRW,VND,19.3,17.5
1569,2025-05-16,NZD,VND,15589.0,14998.0
1570,2025-05-16,SGD,VND,20247.0,19721.0
1571,2025-05-16,THB,VND,811.0,758.0
1572,2025-05-16,USD,VND,,
1573,2025-05-16,USD,VND,,
1574,2025-05-16,USD,VND,26099.0,25757.0
1575,2025-05-17,AUD,VND,16925.0,16331.0
1576,2025-05-17,CAD,VND,18929.0,18305.0
1577,2025-05-17,CHF,VND,31327.0,30670.0
1578,2025-05-17,CNY,VND,3600.0,3358.0
1579,2025-05-17,EUR,VND,29618.0,28576.0
1580,2025-05-17,GBP,VND,34949.0,33993.0
1581,2025-05-17,HKD,VND,3390.0,3186.0
1582,2025-05-17,JPY,VND,181.67,175.44
1583,2025-05-17,KRW,VND,19.3,17.5
1584,2025-05-17,NZD,VND,15529.0,14935.0
1585,2025-05-17,SGD,VND,20218.0,19679.0
1586,2025-05-17,THB,VND,812.0,753.0
1587,2025-05-17,USD,VND,,
1588,2025-05-17,USD,VND,,
1589,2025-05-17,USD,VND,26115.0,25760.0
1590,2025-05-19,AUD,VND,17032.0,16458.0
1591,2025-05-19,CAD,VND,18963.0,18344.0
1592,2025-05-19,CHF,VND,31534.0,30887.0
1593,2025-05-19,CNY,VND,3600.0,3358.0
1594,2025-05-19,EUR,VND,29932.0,28901.0
1595,2025-05-19,GBP,VND,35277.0,34347.0
1596,2025-05-19,HKD,VND,3389.0,3186.0
1597,2025-05-19,JPY,VND,182.73,176.57
1598,2025-05-19,KRW,VND,19.2,17.4
1599,2025-05-19,NZD,VND,15612.0,15023.0
1600,2025-05-19,SGD,VND,20315.0,19787.0
1601,2025-05-19,THB,VND,816.0,763.0
1602,2025-05-19,USD,VND,,
1603,2025-05-19,USD,VND,,
1604,2025-05-19,USD,VND,26130.0,25785.0
1605,2025-05-20,AUD,VND,16981.0,16398.0
1606,2025-05-20,CAD,VND,18992.0,18371.0
1607,2025-05-20,CHF,VND,31553.0,30896.0
1608,2025-05-20,CNY,VND,3600.0,3358.0
1609,2025-05-20,EUR,VND,29893.0,28862.0
1610,2025-05-20,GBP,VND,35238.0,34298.0
1611,2025-05-20,HKD,VND,3388.0,3185.0
1612,2025-05-20,JPY,VND,183.32,177.13
1613,2025-05-20,KRW,VND,19.3,17.5
1614,2025-05-20,NZD,VND,15640.0,15047.0
1615,2025-05-20,SGD,VND,20308.0,19777.0
1616,2025-05-20,THB,VND,817.0,764.0
1617,2025-05-20,USD,VND,,
1618,2025-05-20,USD,VND,,
1619,2025-05-20,USD,VND,26145.0,25800.0
1620,2025-05-21,AUD,VND,17034.0,16453.0
1621,2025-05-21,CAD,VND,19059.0,18438.0
1622,2025-05-21,CHF,VND,31877.0,31227.0
1623,2025-05-21,CNY,VND,3600.0,3358.0
1624,2025-05-21,EUR,VND,30101.0,29070.0
1625,2025-05-21,GBP,VND,35336.0,34403.0
1626,2025-05-21,HKD,VND,3388.0,3185.0
1627,2025-05-21,JPY,VND,183.92,177.76
1628,2025-05-21,KRW,VND,19.4,17.6
1629,2025-05-21,NZD,VND,15671.0,15081.0
1630,2025-05-21,SGD,VND,20383.0,19856.0
1631,2025-05-21,THB,VND,824.0,770.0
1632,2025-05-21,USD,VND,,
1633,2025-05-21,USD,VND,,
1634,2025-05-21,USD,VND,26150.0,25805.0
1635,2025-05-22,AUD,VND,16997.0,16423.0
1636,2025-05-22,CAD,VND,19073.0,18456.0
1637,2025-05-22,CHF,VND,31801.0,31155.0
1638,2025-05-22,CNY,VND,3664.0,3546.0
1639,2025-05-22,EUR,VND,30005.0,28978.0
1640,2025-05-22,GBP,VND,35329.0,34393.0
1641,2025-05-22,HKD,VND,3391.0,3189.0
1642,2025-05-22,JPY,VND,184.7,178.56
1643,2025-05-22,KRW,VND,19.5,17.7
1644,2025-05-22,NZD,VND,15608.0,15020.0
1645,2025-05-22,SGD,VND,20378.0,19849.0
1646,2025-05-22,THB,VND,823.0,769.0
1647,2025-05-22,USD,VND,,
1648,2025-05-22,USD,VND,,
1649,2025-05-22,USD,VND,26157.0,25815.0
1650,2025-05-23,AUD,VND,17091.0,16513.0
1651,2025-05-23,CAD,VND,19160.0,18543.0
1652,2025-05-23,CHF,VND,31790.0,31140.0
1653,2025-05-23,CNY,VND,3664.0,3546.0
1654,2025-05-23,EUR,VND,30115.0,29085.0
1655,2025-05-23,GBP,VND,35549.0,34609.0
1656,2025-05-23,HKD,VND,3386.0,3183.0
1657,2025-05-23,JPY,VND,184.65,178.49
1658,2025-05-23,KRW,VND,19.6,17.8
1659,2025-05-23,NZD,VND,15738.0,15148.0
1660,2025-05-23,SGD,VND,20453.0,19925.0
1661,2025-05-23,THB,VND,828.0,775.0
1662,2025-05-23,USD,VND,,
1663,2025-05-23,USD,VND,,
1664,2025-05-23,USD,VND,26135.0,25790.0
1665,2025-05-24,AUD,VND,17169.0,16587.0
1666,2025-05-24,CAD,VND,19252.0,18622.0
1667,2025-05-24,CHF,VND,31974.0,31315.0
1668,2025-05-24,CNY,VND,3664.0,3546.0
1669,2025-05-24,EUR,VND,30164.0,29120.0
1670,2025-05-24,GBP,VND,35656.0,34704.0
1671,2025-05-24,HKD,VND,3385.0,3181.0
1672,2025-05-24,JPY,VND,185.66,179.38
1673,2025-05-24,KRW,VND,19.6,17.8
1674,2025-05-24,NZD,VND,15818.0,15227.0
1675,2025-05-24,SGD,VND,20478.0,19933.0
1676,2025-05-24,THB,VND,831.0,775.0
1677,2025-05-24,USD,VND,,
1678,2025-05-24,USD,VND,,
1679,2025-05-24,USD,VND,26135.0,25780.0
1680,2025-05-26,AUD,VND,17179.0,16597.0
1681,2025-05-26,CAD,VND,19257.0,18642.0
1682,2025-05-26,CHF,VND,31897.0,31262.0
1683,2025-05-26,CNY,VND,3670.0,3530.0
1684,2025-05-26,EUR,VND,30167.0,29137.0
1685,2025-05-26,GBP,VND,35673.0,34726.0
1686,2025-05-26,HKD,VND,3378.0,3176.0
1687,2025-05-26,JPY,VND,184.85,178.72
1688,2025-05-26,KRW,VND,19.7,17.9
1689,2025-05-26,NZD,VND,15859.0,15267.0
1690,2025-05-26,SGD,VND,20441.0,19913.0
1691,2025-05-26,THB,VND,827.0,773.0
1692,2025-05-26,USD,VND,,
1693,2025-05-26,USD,VND,,
1694,2025-05-26,USD,VND,26097.0,25755.0
1695,2025-05-27,AUD,VND,17042.0,16463.0
1696,2025-05-27,CAD,VND,19196.0,18577.0
1697,2025-05-27,CHF,VND,31802.0,31146.0
1698,2025-05-27,CNY,VND,3670.0,3530.0
1699,2025-05-27,EUR,VND,30091.0,29052.0
1700,2025-05-27,GBP,VND,35616.0,34681.0
1701,2025-05-27,HKD,VND,3379.0,3177.0
1702,2025-05-27,JPY,VND,183.71,177.54
1703,2025-05-27,KRW,VND,19.6,17.8
1704,2025-05-27,NZD,VND,15731.0,15141.0
1705,2025-05-27,SGD,VND,20405.0,19879.0
1706,2025-05-27,THB,VND,824.0,771.0
1707,2025-05-27,USD,VND,,
1708,2025-05-27,USD,VND,,
1709,2025-05-27,USD,VND,26098.0,25757.0
1710,2025-05-28,AUD,VND,17057.0,16476.0
1711,2025-05-28,CAD,VND,19157.0,18541.0
1712,2025-05-28,CHF,VND,31766.0,31128.0
1713,2025-05-28,CNY,VND,3670.0,3530.0
1714,2025-05-28,EUR,VND,30101.0,29070.0
1715,2025-05-28,GBP,VND,35616.0,34683.0
1716,2025-05-28,HKD,VND,3384.0,3182.0
1717,2025-05-28,JPY,VND,183.79,177.6
1718,2025-05-28,KRW,VND,19.6,17.7
1719,2025-05-28,NZD,VND,15794.0,15201.0
1720,2025-05-28,SGD,VND,20427.0,19907.0
1721,2025-05-28,THB,VND,828.0,775.0
1722,2025-05-28,USD,VND,,
1723,2025-05-28,USD,VND,,
1724,2025-05-28,USD,VND,26150.0,25805.0
1725,2025-05-29,AUD,VND,17076.0,16495.0
1726,2025-05-29,CAD,VND,19183.0,18562.0
1727,2025-05-29,CHF,VND,31749.0,31095.0
1728,2025-05-29,CNY,VND,3670.0,3530.0
1729,2025-05-29,EUR,VND,30009.0,28978.0
1730,2025-05-29,GBP,VND,35562.0,34622.0
1731,2025-05-29,HKD,VND,3390.0,3187.0
1732,2025-05-29,JPY,VND,182.78,176.62
1733,2025-05-29,KRW,VND,19.5,17.7
1734,2025-05-29,NZD,VND,15802.0,15209.0
1735,2025-05-29,SGD,VND,20430.0,19900.0
1736,2025-05-29,THB,VND,825.0,772.0
1737,2025-05-29,USD,VND,,
1738,2025-05-29,USD,VND,,
1739,2025-05-29,USD,VND,26195.0,25850.0
1740,2025-05-30,AUD,VND,17026.0,16448.0
1741,2025-05-30,CAD,VND,19206.0,18586.0
1742,2025-05-30,CHF,VND,31975.0,31324.0
1743,2025-05-30,CNY,VND,3670.0,3530.0
1744,2025-05-30,EUR,VND,30159.0,29126.0
1745,2025-05-30,GBP,VND,35600.0,34659.0
1746,2025-05-30,HKD,VND,3391.0,3188.0
1747,2025-05-30,JPY,VND,184.46,178.3
1748,2025-05-30,KRW,VND,19.6,17.8
1749,2025-05-30,NZD,VND,15783.0,15195.0
1750,2025-05-30,SGD,VND,20427.0,19907.0
1751,2025-05-30,THB,VND,826.0,772.0
1752,2025-05-30,USD,VND,,
1753,2025-05-30,USD,VND,,
1754,2025-05-30,USD,VND,26215.0,25870.0
1755,2025-05-31,AUD,VND,17064.0,16482.0
1756,2025-05-31,CAD,VND,19313.0,18689.0
1757,2025-05-31,CHF,VND,32033.0,31382.0
1758,2025-05-31,CNY,VND,3670.0,3530.0
1759,2025-05-31,EUR,VND,30222.0,29178.0
1760,2025-05-31,GBP,VND,35577.0,34625.0
1761,2025-05-31,HKD,VND,3393.0,3189.0
1762,2025-05-31,JPY,VND,184.39,178.13
1763,2025-05-31,KRW,VND,19.6,17.8
1764,2025-05-31,NZD,VND,15802.0,15200.0
1765,2025-05-31,SGD,VND,20438.0,19898.0
1766,2025-05-31,THB,VND,824.0,770.0
1767,2025-05-31,USD,VND,,
1768,2025-05-31,USD,VND,,
1769,2025-05-31,USD,VND,26225.0,25870.0
1770,2025-06-02,AUD,VND,17178.0,16599.0
1771,2025-06-02,CAD,VND,19365.0,18745.0
1772,2025-06-02,CHF,VND,32230.0,31575.0
1773,2025-06-02,CNY,VND,3670.0,3530.0
1774,2025-06-02,EUR,VND,30391.0,29360.0
1775,2025-06-02,GBP,VND,35757.0,34816.0
1776,2025-06-02,HKD,VND,3390.0,3187.0
1777,2025-06-02,JPY,VND,185.7,179.5
1778,2025-06-02,KRW,VND,19.6,17.7
1779,2025-06-02,NZD,VND,15935.0,15345.0
1780,2025-06-02,SGD,VND,20489.0,19969.0
1781,2025-06-02,THB,VND,830.0,777.0
1782,2025-06-02,USD,VND,,
1783,2025-06-02,USD,VND,,
1784,2025-06-02,USD,VND,26208.0,25863.0
1785,2025-06-03,AUD,VND,17137.0,16559.0
1786,2025-06-03,CAD,VND,19335.0,18714.0
1787,2025-06-03,CHF,VND,32190.0,31543.0
1788,2025-06-03,CNY,VND,3670.0,3530.0
1789,2025-06-03,EUR,VND,30392.0,29359.0
1790,2025-06-03,GBP,VND,35727.0,34786.0
1791,2025-06-03,HKD,VND,3392.0,3189.0
1792,2025-06-03,JPY,VND,185.88,179.72
1793,2025-06-03,KRW,VND,19.6,17.8
1794,2025-06-03,NZD,VND,15917.0,15324.0
1795,2025-06-03,SGD,VND,20506.0,19975.0
1796,2025-06-03,THB,VND,832.0,778.0
1797,2025-06-03,USD,VND,,
1798,2025-06-03,USD,VND,,
1799,2025-06-03,USD,VND,26230.0,25885.0
1800,2025-06-04,AUD,VND,17209.0,16628.0
1801,2025-06-04,CAD,VND,19383.0,18762.0
1802,2025-06-04,CHF,VND,32047.0,31393.0
1803,2025-06-04,CNY,VND,3670.0,3530.0
1804,2025-06-04,EUR,VND,30370.0,29326.0
1805,2025-06-04,GBP,VND,35832.0,34891.0
1806,2025-06-04,HKD,VND,3396.0,3193.0
1807,2025-06-04,JPY,VND,184.62,178.45
1808,2025-06-04,KRW,VND,19.7,17.9
1809,2025-06-04,NZD,VND,15961.0,15368.0
1810,2025-06-04,SGD,VND,20491.0,19965.0
1811,2025-06-04,THB,VND,829.0,776.0
1812,2025-06-04,USD,VND,,
1813,2025-06-04,USD,VND,,
1814,2025-06-04,USD,VND,26254.0,25920.0
1815,2025-06-05,AUD,VND,17294.0,16713.0
1816,2025-06-05,CAD,VND,19456.0,18835.0
1817,2025-06-05,CHF,VND,32186.0,31535.0
1818,2025-06-05,CNY,VND,3670.0,3530.0
1819,2025-06-05,EUR,VND,30444.0,29414.0
1820,2025-06-05,GBP,VND,35899.0,34958.0
1821,2025-06-05,HKD,VND,3394.0,3192.0
1822,2025-06-05,JPY,VND,185.71,179.51
1823,2025-06-05,KRW,VND,19.9,18.1
1824,2025-06-05,NZD,VND,16047.0,15456.0
1825,2025-06-05,SGD,VND,20562.0,20034.0
1826,2025-06-05,THB,VND,834.0,781.0
1827,2025-06-05,USD,VND,,
1828,2025-06-05,USD,VND,,
1829,2025-06-05,USD,VND,26244.0,25910.0
1830,2025-06-06,AUD,VND,17221.0,16645.0
1831,2025-06-06,CAD,VND,19404.0,18785.0
1832,2025-06-06,CHF,VND,32086.0,31431.0
1833,2025-06-06,CNY,VND,3670.0,3530.0
1834,2025-06-06,EUR,VND,30413.0,29382.0
1835,2025-06-06,GBP,VND,35784.0,34833.0
1836,2025-06-06,HKD,VND,3391.0,3188.0
1837,2025-06-06,JPY,VND,184.32,178.17
1838,2025-06-06,KRW,VND,19.9,18.1
1839,2025-06-06,NZD,VND,15979.0,15386.0
1840,2025-06-06,SGD,VND,20520.0,19990.0
1841,2025-06-06,THB,VND,831.0,777.0
1842,2025-06-06,USD,VND,,
1843,2025-06-06,USD,VND,,
1844,2025-06-06,USD,VND,26230.0,25885.0
1845,2025-06-07,AUD,VND,17235.0,16648.0
1846,2025-06-07,CAD,VND,19394.0,18764.0
1847,2025-06-07,CHF,VND,32090.0,31431.0
1848,2025-06-07,CNY,VND,3670.0,3530.0
1849,2025-06-07,EUR,VND,30362.0,29317.0
1850,2025-06-07,GBP,VND,35772.0,34807.0
1851,2025-06-07,HKD,VND,3392.0,3188.0
1852,2025-06-07,JPY,VND,183.48,177.22
1853,2025-06-07,KRW,VND,19.9,18.1
1854,2025-06-07,NZD,VND,15946.0,15355.0
1855,2025-06-07,SGD,VND,20475.0,19938.0
1856,2025-06-07,THB,VND,827.0,773.0
1857,2025-06-07,USD,VND,,
1858,2025-06-07,USD,VND,,
1859,2025-06-07,USD,VND,26240.0,25885.0
1860,2025-06-09,AUD,VND,17322.0,16741.0
1861,2025-06-09,CAD,VND,19407.0,18791.0
1862,2025-06-09,CHF,VND,32130.0,31494.0
1863,2025-06-09,CNY,VND,3670.0,3530.0
1864,2025-06-09,EUR,VND,30435.0,29405.0
1865,2025-06-09,GBP,VND,35867.0,34931.0
1866,2025-06-09,HKD,VND,3390.0,3187.0
1867,2025-06-09,JPY,VND,184.36,178.21
1868,2025-06-09,KRW,VND,20.0,18.1
1869,2025-06-09,NZD,VND,16063.0,15475.0
1870,2025-06-09,SGD,VND,20535.0,20006.0
1871,2025-06-09,THB,VND,829.0,776.0
1872,2025-06-09,USD,VND,,
1873,2025-06-09,USD,VND,,
1874,2025-06-09,USD,VND,26222.0,25880.0
1875,2025-06-10,AUD,VND,17269.0,16690.0
1876,2025-06-10,CAD,VND,19349.0,18728.0
1877,2025-06-10,CHF,VND,32043.0,31404.0
1878,2025-06-10,CNY,VND,3670.0,3530.0
1879,2025-06-10,EUR,VND,30362.0,29329.0
1880,2025-06-10,GBP,VND,35621.0,34680.0
1881,2025-06-10,HKD,VND,3386.0,3183.0
1882,2025-06-10,JPY,VND,183.34,177.18
1883,2025-06-10,KRW,VND,19.9,18.1
1884,2025-06-10,NZD,VND,16009.0,15416.0
1885,2025-06-10,SGD,VND,20488.0,19959.0
1886,2025-06-10,THB,VND,829.0,775.0
1887,2025-06-10,USD,VND,,
1888,2025-06-10,USD,VND,,
1889,2025-06-10,USD,VND,26192.0,25847.0
1890,2025-06-11,AUD,VND,17270.0,16694.0
1891,2025-06-11,CAD,VND,19387.0,18769.0
1892,2025-06-11,CHF,VND,32034.0,31399.0
1893,2025-06-11,CNY,VND,3670.0,3530.0
1894,2025-06-11,EUR,VND,30435.0,29407.0
1895,2025-06-11,GBP,VND,35666.0,34722.0
1896,2025-06-11,HKD,VND,3387.0,3185.0
1897,2025-06-11,JPY,VND,183.01,176.88
1898,2025-06-11,KRW,VND,19.7,17.9
1899,2025-06-11,NZD,VND,15991.0,15402.0
1900,2025-06-11,SGD,VND,20506.0,19978.0
1901,2025-06-11,THB,VND,829.0,776.0
1902,2025-06-11,USD,VND,,
1903,2025-06-11,USD,VND,,
1904,2025-06-11,USD,VND,26210.0,25868.0
1905,2025-06-12,AUD,VND,17232.0,16648.0
1906,2025-06-12,CAD,VND,19435.0,18818.0
1907,2025-06-12,CHF,VND,32360.0,31708.0
1908,2025-06-12,CNY,VND,3670.0,3530.0
1909,2025-06-12,EUR,VND,30784.0,29751.0
1910,2025-06-12,GBP,VND,35858.0,34917.0
1911,2025-06-12,HKD,VND,3388.0,3186.0
1912,2025-06-12,JPY,VND,184.72,178.52
1913,2025-06-12,KRW,VND,19.7,17.9
1914,2025-06-12,NZD,VND,15981.0,15390.0
1915,2025-06-12,SGD,VND,20602.0,20074.0
1916,2025-06-12,THB,VND,834.0,780.0
1917,2025-06-12,USD,VND,,
1918,2025-06-12,USD,VND,,
1919,2025-06-12,USD,VND,26215.0,25870.0
1920,2025-06-13,AUD,VND,17213.0,16638.0
1921,2025-06-13,CAD,VND,19492.0,18876.0
1922,2025-06-13,CHF,VND,32434.0,31797.0
1923,2025-06-13,CNY,VND,3670.0,3530.0
1924,2025-06-13,EUR,VND,30712.0,29684.0
1925,2025-06-13,GBP,VND,35832.0,34902.0
1926,2025-06-13,HKD,VND,3393.0,3190.0
1927,2025-06-13,JPY,VND,184.51,178.37
1928,2025-06-13,KRW,VND,19.9,18.0
1929,2025-06-13,NZD,VND,15945.0,15355.0
1930,2025-06-13,SGD,VND,20583.0,20065.0
1931,2025-06-13,THB,VND,835.0,782.0
1932,2025-06-13,USD,VND,,
1933,2025-06-13,USD,VND,,
1934,2025-06-13,USD,VND,26223.0,25907.0
1935,2025-06-14,AUD,VND,17241.0,16651.0
1936,2025-06-14,CAD,VND,19561.0,18936.0
1937,2025-06-14,CHF,VND,32528.0,31868.0
1938,2025-06-14,CNY,VND,3670.0,3530.0
1939,2025-06-14,EUR,VND,30800.0,29758.0
1940,2025-06-14,GBP,VND,35905.0,34953.0
1941,2025-06-14,HKD,VND,3394.0,3191.0
1942,2025-06-14,JPY,VND,184.61,178.38
1943,2025-06-14,KRW,VND,19.9,18.0
1944,2025-06-14,NZD,VND,15956.0,15355.0
1945,2025-06-14,SGD,VND,20619.0,20079.0
1946,2025-06-14,THB,VND,837.0,782.0
1947,2025-06-14,USD,VND,,
1948,2025-06-14,USD,VND,,
1949,2025-06-14,USD,VND,26223.0,25910.0
1950,2025-06-16,AUD,VND,17303.0,16724.0
1951,2025-06-16,CAD,VND,19567.0,18949.0
1952,2025-06-16,CHF,VND,32523.0,31871.0
1953,2025-06-16,CNY,VND,3670.0,3530.0
1954,2025-06-16,EUR,VND,30860.0,29833.0
1955,2025-06-16,GBP,VND,35927.0,34998.0
1956,2025-06-16,HKD,VND,3392.0,3190.0
1957,2025-06-16,JPY,VND,184.44,178.3
1958,2025-06-16,KRW,VND,19.9,18.0
1959,2025-06-16,NZD,VND,16028.0,15439.0
1960,2025-06-16,SGD,VND,20629.0,20103.0
1961,2025-06-16,THB,VND,834.0,781.0
1962,2025-06-16,USD,VND,,
1963,2025-06-16,USD,VND,,
1964,2025-06-16,USD,VND,26242.0,25903.0
1965,2025-06-17,AUD,VND,17348.0,16769.0
1966,2025-06-17,CAD,VND,19588.0,18970.0
1967,2025-06-17,CHF,VND,32484.0,31821.0
1968,2025-06-17,CNY,VND,3670.0,3530.0
1969,2025-06-17,EUR,VND,30816.0,29785.0
1970,2025-06-17,GBP,VND,35855.0,34920.0
1971,2025-06-17,HKD,VND,3394.0,3192.0
1972,2025-06-17,JPY,VND,183.73,177.57
1973,2025-06-17,KRW,VND,19.8,18.0
1974,2025-06-17,NZD,VND,16097.0,15509.0
1975,2025-06-17,SGD,VND,20616.0,20085.0
1976,2025-06-17,THB,VND,833.0,779.0
1977,2025-06-17,USD,VND,,
1978,2025-06-17,USD,VND,,
1979,2025-06-17,USD,VND,26247.0,25920.0
1980,2025-06-18,AUD,VND,17280.0,16703.0
1981,2025-06-18,CAD,VND,19459.0,18839.0
1982,2025-06-18,CHF,VND,32288.0,31639.0
1983,2025-06-18,CNY,VND,3670.0,3530.0
1984,2025-06-18,EUR,VND,30690.0,29661.0
1985,2025-06-18,GBP,VND,35664.0,34726.0
1986,2025-06-18,HKD,VND,3396.0,3194.0
1987,2025-06-18,JPY,VND,183.63,177.48
1988,2025-06-18,KRW,VND,19.7,17.9
1989,2025-06-18,NZD,VND,16014.0,15424.0
1990,2025-06-18,SGD,VND,20572.0,20046.0
1991,2025-06-18,THB,VND,832.0,778.0
1992,2025-06-18,USD,VND,,
1993,2025-06-18,USD,VND,,
1994,2025-06-18,USD,VND,26243.0,25935.0
1995,2025-06-19,AUD,VND,17211.0,16631.0
1996,2025-06-19,CAD,VND,19411.0,18796.0
1997,2025-06-19,CHF,VND,32351.0,31699.0
1998,2025-06-19,CNY,VND,3690.0,3570.0
1999,2025-06-19,EUR,VND,30647.0,29620.0
2000,2025-06-19,GBP,VND,35598.0,34654.0
2001,2025-06-19,HKD,VND,3400.0,3197.0
2002,2025-06-19,JPY,VND,183.24,177.07
2003,2025-06-19,KRW,VND,19.6,17.8
2004,2025-06-19,NZD,VND,15890.0,15296.0
2005,2025-06-19,SGD,VND,20554.0,20028.0
2006,2025-06-19,THB,VND,830.0,776.0
2007,2025-06-19,USD,VND,,
2008,2025-06-19,USD,VND,,
2009,2025-06-19,USD,VND,26276.0,25965.0
2010,2025-06-20,AUD,VND,17284.0,16701.0
2011,2025-06-20,CAD,VND,19444.0,18827.0
2012,2025-06-20,CHF,VND,32383.0,31731.0
2013,2025-06-20,CNY,VND,3690.0,3570.0
2014,2025-06-20,EUR,VND,30798.0,29765.0
2015,2025-06-20,GBP,VND,35788.0,34837.0
2016,2025-06-20,HKD,VND,3401.0,3199.0
2017,2025-06-20,JPY,VND,183.45,177.25
2018,2025-06-20,KRW,VND,19.8,18.0
2019,2025-06-20,NZD,VND,15953.0,15362.0
2020,2025-06-20,SGD,VND,20616.0,20085.0
2021,2025-06-20,THB,VND,830.0,776.0
2022,2025-06-20,USD,VND,,
2023,2025-06-20,USD,VND,,
2024,2025-06-20,USD,VND,26282.0,25975.0
2025,2025-06-21,AUD,VND,17174.0,16592.0
2026,2025-06-21,CAD,VND,19392.0,18767.0
2027,2025-06-21,CHF,VND,32347.0,31688.0
2028,2025-06-21,CNY,VND,3690.0,3570.0
2029,2025-06-21,EUR,VND,30785.0,29743.0
2030,2025-06-21,GBP,VND,35676.0,34727.0
2031,2025-06-21,HKD,VND,3401.0,3197.0
2032,2025-06-21,JPY,VND,182.53,176.25
2033,2025-06-21,KRW,VND,19.8,18.0
2034,2025-06-21,NZD,VND,15864.0,15262.0
2035,2025-06-21,SGD,VND,20564.0,20034.0
2036,2025-06-21,THB,VND,829.0,774.0
2037,2025-06-21,USD,VND,,
2038,2025-06-21,USD,VND,,
2039,2025-06-21,USD,VND,26282.0,25965.0
2040,2025-06-23,AUD,VND,17039.0,16463.0
2041,2025-06-23,CAD,VND,19363.0,18745.0
2042,2025-06-23,CHF,VND,32413.0,31774.0
2043,2025-06-23,CNY,VND,3690.0,3570.0
2044,2025-06-23,EUR,VND,30745.0,29712.0
2045,2025-06-23,GBP,VND,35615.0,34675.0
2046,2025-06-23,HKD,VND,3410.0,3208.0
2047,2025-06-23,JPY,VND,180.9,174.72
2048,2025-06-23,KRW,VND,19.6,17.8
2049,2025-06-23,NZD,VND,15717.0,15126.0
2050,2025-06-23,SGD,VND,20541.0,20010.0
2051,2025-06-23,THB,VND,825.0,772.0
2052,2025-06-23,USD,VND,,
2053,2025-06-23,USD,VND,,
2054,2025-06-23,USD,VND,26279.0,26045.0
2055,2025-06-24,AUD,VND,17351.0,16770.0
2056,2025-06-24,CAD,VND,19442.0,18825.0
2057,2025-06-24,CHF,VND,32669.0,32013.0
2058,2025-06-24,CNY,VND,3690.0,3570.0
2059,2025-06-24,EUR,VND,31042.0,30009.0
2060,2025-06-24,GBP,VND,36146.0,35202.0
2061,2025-06-24,HKD,VND,3405.0,3202.0
2062,2025-06-24,JPY,VND,184.14,177.99
2063,2025-06-24,KRW,VND,19.9,18.0
2064,2025-06-24,NZD,VND,16062.0,15472.0
2065,2025-06-24,SGD,VND,20706.0,20186.0
2066,2025-06-24,THB,VND,833.0,779.0
2067,2025-06-24,USD,VND,,
2068,2025-06-24,USD,VND,,
2069,2025-06-24,USD,VND,26310.0,26005.0
2070,2025-06-25,AUD,VND,17300.0,16718.0
2071,2025-06-25,CAD,VND,19405.0,18788.0
2072,2025-06-25,CHF,VND,32799.0,32146.0
2073,2025-06-25,CNY,VND,3690.0,3570.0
2074,2025-06-25,EUR,VND,31003.0,29973.0
2075,2025-06-25,GBP,VND,36121.0,35174.0
2076,2025-06-25,HKD,VND,3403.0,3201.0
2077,2025-06-25,JPY,VND,183.17,177.0
2078,2025-06-25,KRW,VND,19.9,18.0
2079,2025-06-25,NZD,VND,16012.0,15426.0
2080,2025-06-25,SGD,VND,20689.0,20162.0
2081,2025-06-25,THB,VND,833.0,779.0
2082,2025-06-25,USD,VND,,
2083,2025-06-25,USD,VND,,
2084,2025-06-25,USD,VND,26307.0,25990.0
2085,2025-06-26,AUD,VND,17393.0,16814.0
2086,2025-06-26,CAD,VND,19441.0,18825.0
2087,2025-06-26,CHF,VND,33021.0,32372.0
2088,2025-06-26,CNY,VND,3690.0,3570.0
2089,2025-06-26,EUR,VND,31291.0,30264.0
2090,2025-06-26,GBP,VND,36421.0,35476.0
2091,2025-06-26,HKD,VND,3399.0,3197.0
2092,2025-06-26,JPY,VND,184.87,178.73
2093,2025-06-26,KRW,VND,20.0,18.1
2094,2025-06-26,NZD,VND,16107.0,15519.0
2095,2025-06-26,SGD,VND,20764.0,20235.0
2096,2025-06-26,THB,VND,836.0,783.0
2097,2025-06-26,USD,VND,,
2098,2025-06-26,USD,VND,,
2099,2025-06-26,USD,VND,26299.0,25957.0
2100,2025-06-27,AUD,VND,17383.0,16805.0
2101,2025-06-27,CAD,VND,19474.0,18851.0
2102,2025-06-27,CHF,VND,33073.0,32416.0
2103,2025-06-27,CNY,VND,3690.0,3570.0
2104,2025-06-27,EUR,VND,31224.0,30190.0
2105,2025-06-27,GBP,VND,36383.0,35439.0
2106,2025-06-27,HKD,VND,3396.0,3193.0
2107,2025-06-27,JPY,VND,184.17,178.02
2108,2025-06-27,KRW,VND,20.0,18.0
2109,2025-06-27,NZD,VND,16106.0,15515.0
2110,2025-06-27,SGD,VND,20726.0,20198.0
2111,2025-06-27,THB,VND,833.0,779.0
2112,2025-06-27,USD,VND,,
2113,2025-06-27,USD,VND,,
2114,2025-06-27,USD,VND,26275.0,25930.0
2115,2025-06-28,AUD,VND,17354.0,16778.0
2116,2025-06-28,CAD,VND,19432.0,18813.0
2117,2025-06-28,CHF,VND,33032.0,32383.0
2118,2025-06-28,CNY,VND,3690.0,3570.0
2119,2025-06-28,EUR,VND,31250.0,30217.0
2120,2025-06-28,GBP,VND,36310.0,35372.0
2121,2025-06-28,HKD,VND,3396.0,3193.0
2122,2025-06-28,JPY,VND,183.97,177.79
2123,2025-06-28,KRW,VND,20.0,18.0
2124,2025-06-28,NZD,VND,16077.0,15492.0
2125,2025-06-28,SGD,VND,20716.0,20187.0
2126,2025-06-28,THB,VND,835.0,778.0
2127,2025-06-28,USD,VND,,
2128,2025-06-28,USD,VND,,
2129,2025-06-28,USD,VND,26275.0,25930.0
2130,2025-06-30,AUD,VND,17355.0,16779.0
2131,2025-06-30,CAD,VND,19451.0,18834.0
2132,2025-06-30,CHF,VND,33117.0,32476.0
2133,2025-06-30,CNY,VND,3690.0,3570.0
2134,2025-06-30,EUR,VND,31274.0,30243.0
2135,2025-06-30,GBP,VND,36281.0,35348.0
2136,2025-06-30,HKD,VND,3399.0,3196.0
2137,2025-06-30,JPY,VND,184.65,178.45
2138,2025-06-30,KRW,VND,20.0,18.1
2139,2025-06-30,NZD,VND,16100.0,15510.0
2140,2025-06-30,SGD,VND,20747.0,20221.0
2141,2025-06-30,THB,VND,835.0,782.0
2142,2025-06-30,USD,VND,,
2143,2025-06-30,USD,VND,,
2144,2025-06-30,USD,VND,26300.0,25955.0
2145,2025-07-01,AUD,VND,17521.0,16941.0
2146,2025-07-01,CAD,VND,19578.0,18960.0
2147,2025-07-01,CHF,VND,33533.0,32881.0
2148,2025-07-01,CNY,VND,3690.0,3570.0
2149,2025-07-01,EUR,VND,31537.0,30508.0
2150,2025-07-01,GBP,VND,36522.0,35584.0
2151,2025-07-01,HKD,VND,3400.0,3198.0
2152,2025-07-01,JPY,VND,186.39,180.21
2153,2025-07-01,KRW,VND,20.0,18.1
2154,2025-07-01,NZD,VND,16253.0,15660.0
2155,2025-07-01,SGD,VND,20826.0,20298.0
2156,2025-07-01,THB,VND,838.0,784.0
2157,2025-07-01,USD,VND,,
2158,2025-07-01,USD,VND,,
2159,2025-07-01,USD,VND,26310.0,25967.0
2160,2025-07-02,AUD,VND,17489.0,16907.0
2161,2025-07-02,CAD,VND,19526.0,18909.0
2162,2025-07-02,CHF,VND,33380.0,32730.0
2163,2025-07-02,CNY,VND,3690.0,3570.0
2164,2025-07-02,EUR,VND,31468.0,30441.0
2165,2025-07-02,GBP,VND,36346.0,35409.0
2166,2025-07-02,HKD,VND,3405.0,3202.0
2167,2025-07-02,JPY,VND,185.15,178.99
2168,2025-07-02,KRW,VND,20.0,18.1
2169,2025-07-02,NZD,VND,16164.0,15575.0
2170,2025-07-02,SGD,VND,20805.0,20278.0
2171,2025-07-02,THB,VND,838.0,785.0
2172,2025-07-02,USD,VND,,
2173,2025-07-02,USD,VND,,
2174,2025-07-02,USD,VND,26323.0,26003.0
2175,2025-07-03,AUD,VND,17545.0,16963.0
2176,2025-07-03,CAD,VND,19638.0,19022.0
2177,2025-07-03,CHF,VND,33441.0,32785.0
2178,2025-07-03,CNY,VND,3690.0,3570.0
2179,2025-07-03,EUR,VND,31563.0,30534.0
2180,2025-07-03,GBP,VND,36301.0,35370.0
2181,2025-07-03,HKD,VND,3409.0,3207.0
2182,2025-07-03,JPY,VND,185.78,179.63
2183,2025-07-03,KRW,VND,20.0,18.0
2184,2025-07-03,NZD,VND,16184.0,15595.0
2185,2025-07-03,SGD,VND,20848.0,20323.0
2186,2025-07-03,THB,VND,841.0,787.0
2187,2025-07-03,USD,VND,,
2188,2025-07-03,USD,VND,,
2189,2025-07-03,USD,VND,26345.0,26040.0
2190,2025-07-04,AUD,VND,17482.0,16900.0
2191,2025-07-04,CAD,VND,19616.0,19000.0
2192,2025-07-04,CHF,VND,33367.0,32716.0
2193,2025-07-04,CNY,VND,3690.0,3570.0
2194,2025-07-04,EUR,VND,31495.0,30467.0
2195,2025-07-04,GBP,VND,36269.0,35324.0
2196,2025-07-04,HKD,VND,3406.0,3203.0
2197,2025-07-04,JPY,VND,184.93,178.76
2198,2025-07-04,KRW,VND,20.0,18.0
2199,2025-07-04,NZD,VND,16143.0,15557.0
2200,2025-07-04,SGD,VND,20814.0,20289.0
2201,2025-07-04,THB,VND,840.0,787.0
2202,2025-07-04,USD,VND,,
2203,2025-07-04,USD,VND,,
2204,2025-07-04,USD,VND,26354.0,26012.0
2205,2025-07-05,AUD,VND,17475.0,16880.0
2206,2025-07-05,CAD,VND,19604.0,18979.0
2207,2025-07-05,CHF,VND,33345.0,32683.0
2208,2025-07-05,CNY,VND,3690.0,3570.0
2209,2025-07-05,EUR,VND,31504.0,30459.0
2210,2025-07-05,GBP,VND,36264.0,35312.0
2211,2025-07-05,HKD,VND,3406.0,3202.0
2212,2025-07-05,JPY,VND,184.69,178.45
2213,2025-07-05,KRW,VND,20.0,18.0
2214,2025-07-05,NZD,VND,16152.0,15550.0
2215,2025-07-05,SGD,VND,20809.0,20268.0
2216,2025-07-05,THB,VND,842.0,786.0
2217,2025-07-05,USD,VND,,
2218,2025-07-05,USD,VND,,
2219,2025-07-05,USD,VND,26360.0,26005.0
2220,2025-07-07,AUD,VND,17304.0,16724.0
2221,2025-07-07,CAD,VND,19485.0,18869.0
2222,2025-07-07,CHF,VND,33179.0,32536.0
2223,2025-07-07,CNY,VND,3690.0,3570.0
2224,2025-07-07,EUR,VND,31346.0,30315.0
2225,2025-07-07,GBP,VND,36092.0,35146.0
2226,2025-07-07,HKD,VND,3403.0,3200.0
2227,2025-07-07,JPY,VND,183.32,177.18
2228,2025-07-07,KRW,VND,20.0,18.0
2229,2025-07-07,NZD,VND,15961.0,15369.0
2230,2025-07-07,SGD,VND,20721.0,20191.0
2231,2025-07-07,THB,VND,834.0,781.0
2232,2025-07-07,USD,VND,,
2233,2025-07-07,USD,VND,,
2234,2025-07-07,USD,VND,26330.0,25985.0
2235,2025-07-08,AUD,VND,17400.0,16820.0
2236,2025-07-08,CAD,VND,19503.0,18883.0
2237,2025-07-08,CHF,VND,33174.0,32523.0
2238,2025-07-08,CNY,VND,3690.0,3570.0
2239,2025-07-08,EUR,VND,31344.0,30313.0
2240,2025-07-08,GBP,VND,36040.0,35102.0
2241,2025-07-08,HKD,VND,3400.0,3198.0
2242,2025-07-08,JPY,VND,182.26,176.07
2243,2025-07-08,KRW,VND,20.0,18.0
2244,2025-07-08,NZD,VND,15988.0,15398.0
2245,2025-07-08,SGD,VND,20712.0,20186.0
2246,2025-07-08,THB,VND,835.0,781.0
2247,2025-07-08,USD,VND,,
2248,2025-07-08,USD,VND,,
2249,2025-07-08,USD,VND,26313.0,25970.0
2250,2025-07-09,AUD,VND,17397.0,16820.0
2251,2025-07-09,CAD,VND,19465.0,18847.0
2252,2025-07-09,CHF,VND,33233.0,32583.0
2253,2025-07-09,CNY,VND,3690.0,3570.0
2254,2025-07-09,EUR,VND,31295.0,30265.0
2255,2025-07-09,GBP,VND,36079.0,35142.0
2256,2025-07-09,HKD,VND,3401.0,3199.0
2257,2025-07-09,JPY,VND,181.94,175.81
2258,2025-07-09,KRW,VND,19.9,18.0
2259,2025-07-09,NZD,VND,15966.0,15380.0
2260,2025-07-09,SGD,VND,20676.0,20152.0
2261,2025-07-09,THB,VND,831.0,778.0
2262,2025-07-09,USD,VND,,
2263,2025-07-09,USD,VND,,
2264,2025-07-09,USD,VND,26320.0,25978.0
2265,2025-07-10,AUD,VND,17444.0,16860.0
2266,2025-07-10,CAD,VND,19450.0,18827.0
2267,2025-07-10,CHF,VND,33246.0,32592.0
2268,2025-07-10,CNY,VND,3690.0,3570.0
2269,2025-07-10,EUR,VND,31291.0,30260.0
2270,2025-07-10,GBP,VND,36064.0,35113.0
2271,2025-07-10,HKD,VND,3397.0,3195.0
2272,2025-07-10,JPY,VND,182.17,176.01
2273,2025-07-10,KRW,VND,20.0,18.0
2274,2025-07-10,NZD,VND,15994.0,15400.0
2275,2025-07-10,SGD,VND,20678.0,20147.0
2276,2025-07-10,THB,VND,833.0,780.0
2277,2025-07-10,USD,VND,,
2278,2025-07-10,USD,VND,,
2279,2025-07-10,USD,VND,26288.0,25943.0
2280,2025-07-11,AUD,VND,17493.0,16910.0
2281,2025-07-11,CAD,VND,19425.0,18807.0
2282,2025-07-11,CHF,VND,33193.0,32554.0
2283,2025-07-11,CNY,VND,3690.0,3570.0
2284,2025-07-11,EUR,VND,31211.0,30180.0
2285,2025-07-11,GBP,VND,35893.0,34955.0
2286,2025-07-11,HKD,VND,3398.0,3196.0
2287,2025-07-11,JPY,VND,181.22,175.08
2288,2025-07-11,KRW,VND,20.0,18.0
2289,2025-07-11,NZD,VND,15987.0,15398.0
2290,2025-07-11,SGD,VND,20668.0,20140.0
2291,2025-07-11,THB,VND,835.0,782.0
2292,2025-07-11,USD,VND,,
2293,2025-07-11,USD,VND,,
2294,2025-07-11,USD,VND,26295.0,25952.0
2295,2025-07-12,AUD,VND,17504.0,16914.0
2296,2025-07-12,CAD,VND,19440.0,18810.0
2297,2025-07-12,CHF,VND,33166.0,32504.0
2298,2025-07-12,CNY,VND,3690.0,3570.0
2299,2025-07-12,EUR,VND,31201.0,30156.0
2300,2025-07-12,GBP,VND,35782.0,34831.0
2301,2025-07-12,HKD,VND,3399.0,3195.0
2302,2025-07-12,JPY,VND,180.77,174.53
2303,2025-07-12,KRW,VND,20.0,18.0
2304,2025-07-12,NZD,VND,15980.0,15378.0
2305,2025-07-12,SGD,VND,20667.0,20127.0
2306,2025-07-12,THB,VND,838.0,782.0
2307,2025-07-12,USD,VND,,
2308,2025-07-12,USD,VND,,
2309,2025-07-12,USD,VND,26300.0,25945.0
2310,2025-07-14,AUD,VND,17465.0,16889.0
2311,2025-07-14,CAD,VND,19454.0,18833.0
2312,2025-07-14,CHF,VND,33137.0,32496.0
2313,2025-07-14,CNY,VND,3690.0,3570.0
2314,2025-07-14,EUR,VND,31191.0,30157.0
2315,2025-07-14,GBP,VND,35725.0,34784.0
2316,2025-07-14,HKD,VND,3399.0,3196.0
2317,2025-07-14,JPY,VND,180.97,174.78
2318,2025-07-14,KRW,VND,20.0,18.0
2319,2025-07-14,NZD,VND,15920.0,15332.0
2320,2025-07-14,SGD,VND,20651.0,20123.0
2321,2025-07-14,THB,VND,838.0,785.0
2322,2025-07-14,USD,VND,,
2323,2025-07-14,USD,VND,,
2324,2025-07-14,USD,VND,26300.0,25955.0
2325,2025-07-15,AUD,VND,17474.0,16896.0
2326,2025-07-15,CAD,VND,19453.0,18831.0
2327,2025-07-15,CHF,VND,33212.0,32564.0
2328,2025-07-15,CNY,VND,3690.0,3570.0
2329,2025-07-15,EUR,VND,31202.0,30177.0
2330,2025-07-15,GBP,VND,35660.0,34723.0
2331,2025-07-15,HKD,VND,3400.0,3198.0
2332,2025-07-15,JPY,VND,180.57,174.41
2333,2025-07-15,KRW,VND,19.8,17.8
2334,2025-07-15,NZD,VND,15941.0,15354.0
2335,2025-07-15,SGD,VND,20667.0,20141.0
2336,2025-07-15,THB,VND,838.0,784.0
2337,2025-07-15,USD,VND,,
2338,2025-07-15,USD,VND,,
2339,2025-07-15,USD,VND,26310.0,25970.0
2340,2025-07-16,AUD,VND,17373.0,16794.0
2341,2025-07-16,CAD,VND,19426.0,18809.0
2342,2025-07-16,CHF,VND,33018.0,32370.0
2343,2025-07-16,CNY,VND,3690.0,3570.0
2344,2025-07-16,EUR,VND,31077.0,30050.0
2345,2025-07-16,GBP,VND,35555.0,34620.0
2346,2025-07-16,HKD,VND,3404.0,3202.0
2347,2025-07-16,JPY,VND,179.3,173.14
2348,2025-07-16,KRW,VND,19.8,17.8
2349,2025-07-16,NZD,VND,15818.0,15227.0
2350,2025-07-16,SGD,VND,20626.0,20098.0
2351,2025-07-16,THB,VND,837.0,783.0
2352,2025-07-16,USD,VND,,
2353,2025-07-16,USD,VND,,
2354,2025-07-16,USD,VND,26339.0,25998.0
2355,2025-07-17,AUD,VND,17241.0,16663.0
2356,2025-07-17,CAD,VND,19384.0,18768.0
2357,2025-07-17,CHF,VND,32934.0,32275.0
2358,2025-07-17,CNY,VND,3690.0,3570.0
2359,2025-07-17,EUR,VND,31009.0,29981.0
2360,2025-07-17,GBP,VND,35590.0,34659.0
2361,2025-07-17,HKD,VND,3404.0,3201.0
2362,2025-07-17,JPY,VND,179.58,173.46
2363,2025-07-17,KRW,VND,19.7,17.7
2364,2025-07-17,NZD,VND,15770.0,15183.0
2365,2025-07-17,SGD,VND,20598.0,20082.0
2366,2025-07-17,THB,VND,837.0,784.0
2367,2025-07-17,USD,VND,,
2368,2025-07-17,USD,VND,,
2369,2025-07-17,USD,VND,26330.0,25990.0
2370,2025-07-18,AUD,VND,17369.0,16790.0
2371,2025-07-18,CAD,VND,19414.0,18797.0
2372,2025-07-18,CHF,VND,32990.0,32338.0
2373,2025-07-18,CNY,VND,3690.0,3570.0
2374,2025-07-18,EUR,VND,31109.0,30083.0
2375,2025-07-18,GBP,VND,35675.0,34732.0
2376,2025-07-18,HKD,VND,3403.0,3201.0
2377,2025-07-18,JPY,VND,179.66,173.5
2378,2025-07-18,KRW,VND,19.7,17.7
2379,2025-07-18,NZD,VND,15882.0,15294.0
2380,2025-07-18,SGD,VND,20635.0,20109.0
2381,2025-07-18,THB,VND,840.0,786.0
2382,2025-07-18,USD,VND,,
2383,2025-07-18,USD,VND,,
2384,2025-07-18,USD,VND,26331.0,25990.0
2385,2025-07-19,AUD,VND,17347.0,16760.0
2386,2025-07-19,CAD,VND,19423.0,18797.0
2387,2025-07-19,CHF,VND,33015.0,32360.0
2388,2025-07-19,CNY,VND,3690.0,3570.0
2389,2025-07-19,EUR,VND,31080.0,30041.0
2390,2025-07-19,GBP,VND,35603.0,34643.0
2391,2025-07-19,HKD,VND,3405.0,3202.0
2392,2025-07-19,JPY,VND,179.36,173.14
2393,2025-07-19,KRW,VND,19.7,17.7
2394,2025-07-19,NZD,VND,15871.0,15282.0
2395,2025-07-19,SGD,VND,20619.0,20081.0
2396,2025-07-19,THB,VND,841.0,785.0
2397,2025-07-19,USD,VND,,
2398,2025-07-19,USD,VND,,
2399,2025-07-19,USD,VND,26340.0,25990.0
2400,2025-07-21,AUD,VND,17356.0,16772.0
2401,2025-07-21,CAD,VND,19418.0,18801.0
2402,2025-07-21,CHF,VND,33056.0,32405.0
2403,2025-07-21,CNY,VND,3690.0,3570.0
2404,2025-07-21,EUR,VND,31117.0,30089.0
2405,2025-07-21,GBP,VND,35696.0,34760.0
2406,2025-07-21,HKD,VND,3403.0,3201.0
2407,2025-07-21,JPY,VND,180.36,174.25
2408,2025-07-21,KRW,VND,19.7,17.7
2409,2025-07-21,NZD,VND,15869.0,15281.0
2410,2025-07-21,SGD,VND,20647.0,20123.0
2411,2025-07-21,THB,VND,840.0,786.0
2412,2025-07-21,USD,VND,,
2413,2025-07-21,USD,VND,,
2414,2025-07-21,USD,VND,26333.0,25993.0
2415,2025-07-22,AUD,VND,17337.0,16765.0
2416,2025-07-22,CAD,VND,19468.0,18852.0
2417,2025-07-22,CHF,VND,33176.0,32525.0
2418,2025-07-22,CNY,VND,3690.0,3570.0
2419,2025-07-22,EUR,VND,31252.0,30227.0
2420,2025-07-22,GBP,VND,35785.0,34858.0
2421,2025-07-22,HKD,VND,3401.0,3199.0
2422,2025-07-22,JPY,VND,180.8,174.67
2423,2025-07-22,KRW,VND,19.7,17.7
2424,2025-07-22,NZD,VND,15825.0,15235.0
2425,2025-07-22,SGD,VND,20656.0,20129.0
2426,2025-07-22,THB,VND,841.0,788.0
2427,2025-07-22,USD,VND,,
2428,2025-07-22,USD,VND,,
2429,2025-07-22,USD,VND,26321.0,25981.0
2430,2025-07-23,AUD,VND,17522.0,16948.0
2431,2025-07-23,CAD,VND,19606.0,18989.0
2432,2025-07-23,CHF,VND,33358.0,32720.0
2433,2025-07-23,CNY,VND,3690.0,3570.0
2434,2025-07-23,EUR,VND,31344.0,30314.0
2435,2025-07-23,GBP,VND,35914.0,34985.0
2436,2025-07-23,HKD,VND,3402.0,3200.0
2437,2025-07-23,JPY,VND,181.91,175.76
2438,2025-07-23,KRW,VND,19.8,17.8
2439,2025-07-23,NZD,VND,16044.0,15461.0
2440,2025-07-23,SGD,VND,20719.0,20194.0
2441,2025-07-23,THB,VND,846.0,791.0
2442,2025-07-23,USD,VND,,
2443,2025-07-23,USD,VND,,
2444,2025-07-23,USD,VND,26324.0,25982.0
2445,2025-07-24,AUD,VND,17608.0,17025.0
2446,2025-07-24,CAD,VND,19560.0,18946.0
2447,2025-07-24,CHF,VND,33268.0,32620.0
2448,2025-07-24,CNY,VND,3690.0,3570.0
2449,2025-07-24,EUR,VND,31380.0,30352.0
2450,2025-07-24,GBP,VND,35914.0,34980.0
2451,2025-07-24,HKD,VND,3400.0,3198.0
2452,2025-07-24,JPY,VND,181.84,175.68
2453,2025-07-24,KRW,VND,19.8,17.8
2454,2025-07-24,NZD,VND,16084.0,15499.0
2455,2025-07-24,SGD,VND,20736.0,20210.0
2456,2025-07-24,THB,VND,842.0,788.0
2457,2025-07-24,USD,VND,,
2458,2025-07-24,USD,VND,,
2459,2025-07-24,USD,VND,26312.0,25972.0
2460,2025-07-25,AUD,VND,17466.0,16891.0
2461,2025-07-25,CAD,VND,19467.0,18851.0
2462,2025-07-25,CHF,VND,33180.0,32532.0
2463,2025-07-25,CNY,VND,3690.0,3570.0
2464,2025-07-25,EUR,VND,31340.0,30315.0
2465,2025-07-25,GBP,VND,35676.0,34747.0
2466,2025-07-25,HKD,VND,3401.0,3199.0
2467,2025-07-25,JPY,VND,180.33,174.21
2468,2025-07-25,KRW,VND,19.8,17.8
2469,2025-07-25,NZD,VND,15970.0,15385.0
2470,2025-07-25,SGD,VND,20662.0,20138.0
2471,2025-07-25,THB,VND,839.0,785.0
2472,2025-07-25,USD,VND,,
2473,2025-07-25,USD,VND,,
2474,2025-07-25,USD,VND,26320.0,25979.0
2475,2025-07-26,AUD,VND,17484.0,16903.0
2476,2025-07-26,CAD,VND,19443.0,18819.0
2477,2025-07-26,CHF,VND,33264.0,32622.0
2478,2025-07-26,CNY,VND,3690.0,3570.0
2479,2025-07-26,EUR,VND,31369.0,30330.0
2480,2025-07-26,GBP,VND,35662.0,34708.0
2481,2025-07-26,HKD,VND,3402.0,3199.0
2482,2025-07-26,JPY,VND,180.63,174.47
2483,2025-07-26,KRW,VND,19.8,17.8
2484,2025-07-26,NZD,VND,16008.0,15412.0
2485,2025-07-26,SGD,VND,20671.0,20138.0
2486,2025-07-26,THB,VND,840.0,786.0
2487,2025-07-26,USD,VND,,
2488,2025-07-26,USD,VND,,
2489,2025-07-26,USD,VND,26325.0,25980.0
2490,2025-07-28,AUD,VND,17416.0,16840.0
2491,2025-07-28,CAD,VND,19449.0,18830.0
2492,2025-07-28,CHF,VND,33137.0,32484.0
2493,2025-07-28,CNY,VND,3690.0,3570.0
2494,2025-07-28,EUR,VND,31248.0,30217.0
2495,2025-07-28,GBP,VND,35674.0,34742.0
2496,2025-07-28,HKD,VND,3410.0,3207.0
2497,2025-07-28,JPY,VND,180.21,174.03
2498,2025-07-28,KRW,VND,19.9,17.8
2499,2025-07-28,NZD,VND,15939.0,15354.0
2500,2025-07-28,SGD,VND,20663.0,20143.0
2501,2025-07-28,THB,VND,841.0,787.0
2502,2025-07-28,USD,VND,,
2503,2025-07-28,USD,VND,,
2504,2025-07-28,USD,VND,26385.0,26040.0
2505,2025-07-29,AUD,VND,17392.0,16813.0
2506,2025-07-29,CAD,VND,19429.0,18811.0
2507,2025-07-29,CHF,VND,32949.0,32301.0
2508,2025-07-29,CNY,VND,3690.0,3570.0
2509,2025-07-29,EUR,VND,31025.0,29986.0
2510,2025-07-29,GBP,VND,35538.0,34611.0
2511,2025-07-29,HKD,VND,3412.0,3210.0
2512,2025-07-29,JPY,VND,180.06,173.9
2513,2025-07-29,KRW,VND,19.7,17.7
2514,2025-07-29,NZD,VND,15896.0,15308.0
2515,2025-07-29,SGD,VND,20636.0,20108.0
2516,2025-07-29,THB,VND,841.0,787.0
2517,2025-07-29,USD,VND,,
2518,2025-07-29,USD,VND,,
2519,2025-07-29,USD,VND,26401.0,26060.0
2520,2025-07-30,AUD,VND,17338.0,16761.0
2521,2025-07-30,CAD,VND,19372.0,18755.0
2522,2025-07-30,CHF,VND,32934.0,32284.0
2523,2025-07-30,CNY,VND,3690.0,3570.0
2524,2025-07-30,EUR,VND,30933.0,29903.0
2525,2025-07-30,GBP,VND,35565.0,34629.0
2526,2025-07-30,HKD,VND,3409.0,3207.0
2527,2025-07-30,JPY,VND,180.55,174.41
2528,2025-07-30,KRW,VND,19.9,17.9
2529,2025-07-30,NZD,VND,15877.0,15291.0
2530,2025-07-30,SGD,VND,20605.0,20082.0
2531,2025-07-30,THB,VND,838.0,785.0
2532,2025-07-30,USD,VND,,
2533,2025-07-30,USD,VND,,
2534,2025-07-30,USD,VND,26380.0,26038.0
2535,2025-07-31,AUD,VND,17217.0,16633.0
2536,2025-07-31,CAD,VND,19280.0,18663.0
2537,2025-07-31,CHF,VND,32581.0,31929.0
2538,2025-07-31,CNY,VND,3690.0,3570.0
2539,2025-07-31,EUR,VND,30639.0,29595.0
2540,2025-07-31,GBP,VND,35201.0,34250.0
2541,2025-07-31,HKD,VND,3409.0,3207.0
2542,2025-07-31,JPY,VND,178.34,172.19
2543,2025-07-31,KRW,VND,19.8,17.8
2544,2025-07-31,NZD,VND,15754.0,15164.0
2545,2025-07-31,SGD,VND,20472.0,19941.0
2546,2025-07-31,THB,VND,834.0,781.0
2547,2025-07-31,USD,VND,,
2548,2025-07-31,USD,VND,,
2549,2025-07-31,USD,VND,26382.0,26037.0
2550,2025-08-01,AUD,VND,17146.0,16567.0
2551,2025-08-01,CAD,VND,19249.0,18632.0
2552,2025-08-01,CHF,VND,32460.0,31825.0
2553,2025-08-01,CNY,VND,3690.0,3570.0
2554,2025-08-01,EUR,VND,30536.0,29510.0
2555,2025-08-01,GBP,VND,34977.0,34042.0
2556,2025-08-01,HKD,VND,3411.0,3208.0
2557,2025-08-01,JPY,VND,177.69,171.57
2558,2025-08-01,KRW,VND,19.6,17.7
2559,2025-08-01,NZD,VND,15635.0,15047.0
2560,2025-08-01,SGD,VND,20437.0,19913.0
2561,2025-08-01,THB,VND,829.0,776.0
2562,2025-08-01,USD,VND,,
2563,2025-08-01,USD,VND,,
2564,2025-08-01,USD,VND,26398.0,26056.0
2565,2025-08-02,AUD,VND,17293.0,16706.0
2566,2025-08-02,CAD,VND,19371.0,18745.0
2567,2025-08-02,CHF,VND,32976.0,32317.0
2568,2025-08-02,CNY,VND,3690.0,3570.0
2569,2025-08-02,EUR,VND,31034.0,29992.0
2570,2025-08-02,GBP,VND,35325.0,34380.0
2571,2025-08-02,HKD,VND,3410.0,3207.0
2572,2025-08-02,JPY,VND,181.43,175.22
2573,2025-08-02,KRW,VND,19.6,17.7
2574,2025-08-02,NZD,VND,15780.0,15192.0
2575,2025-08-02,SGD,VND,20602.0,20071.0
2576,2025-08-02,THB,VND,839.0,785.0
2577,2025-08-02,USD,VND,,
2578,2025-08-02,USD,VND,,
2579,2025-08-02,USD,VND,26390.0,26040.0
2580,2025-08-04,AUD,VND,17295.0,16713.0
2581,2025-08-04,CAD,VND,19365.0,18747.0
2582,2025-08-04,CHF,VND,32763.0,32102.0
2583,2025-08-04,CNY,VND,3690.0,3570.0
2584,2025-08-04,EUR,VND,30964.0,29934.0
2585,2025-08-04,GBP,VND,35335.0,34390.0
2586,2025-08-04,HKD,VND,3408.0,3205.0
2587,2025-08-04,JPY,VND,180.73,174.56
2588,2025-08-04,KRW,VND,19.9,17.9
2589,2025-08-04,NZD,VND,15769.0,15178.0
2590,2025-08-04,SGD,VND,20607.0,20079.0
2591,2025-08-04,THB,VND,838.0,785.0
2592,2025-08-04,USD,VND,,
2593,2025-08-04,USD,VND,,
2594,2025-08-04,USD,VND,26368.0,26026.0
2595,2025-08-05,AUD,VND,17266.0,16690.0
2596,2025-08-05,CAD,VND,19370.0,18753.0
2597,2025-08-05,CHF,VND,32761.0,32101.0
2598,2025-08-05,CNY,VND,3690.0,3570.0
2599,2025-08-05,EUR,VND,30959.0,29925.0
2600,2025-08-05,GBP,VND,35397.0,34465.0
2601,2025-08-05,HKD,VND,3415.0,3212.0
2602,2025-08-05,JPY,VND,181.29,175.13
2603,2025-08-05,KRW,VND,19.9,17.9
2604,2025-08-05,NZD,VND,15743.0,15155.0
2605,2025-08-05,SGD,VND,20626.0,20106.0
2606,2025-08-05,THB,VND,842.0,788.0
2607,2025-08-05,USD,VND,,
2608,2025-08-05,USD,VND,,
2609,2025-08-05,USD,VND,26425.0,26080.0
2610,2025-08-06,AUD,VND,17351.0,16766.0
2611,2025-08-06,CAD,VND,19421.0,18793.0
2612,2025-08-06,CHF,VND,32845.0,32192.0
2613,2025-08-06,CNY,VND,3690.0,3570.0
2614,2025-08-06,EUR,VND,31081.0,30036.0
2615,2025-08-06,GBP,VND,35418.0,34464.0
2616,2025-08-06,HKD,VND,3413.0,3210.0
2617,2025-08-06,JPY,VND,181.07,174.85
2618,2025-08-06,KRW,VND,19.8,17.8
2619,2025-08-06,NZD,VND,15816.0,15219.0
2620,2025-08-06,SGD,VND,20647.0,20110.0
2621,2025-08-06,THB,VND,841.0,788.0
2622,2025-08-06,USD,VND,,
2623,2025-08-06,USD,VND,,
2624,2025-08-06,USD,VND,26415.0,26060.0
2625,2025-08-07,AUD,VND,17430.0,16855.0
2626,2025-08-07,CAD,VND,19447.0,18830.0
2627,2025-08-07,CHF,VND,32879.0,32229.0
2628,2025-08-07,CNY,VND,3690.0,3570.0
2629,2025-08-07,EUR,VND,31279.0,30251.0
2630,2025-08-07,GBP,VND,35564.0,34620.0
2631,2025-08-07,HKD,VND,3410.0,3208.0
2632,2025-08-07,JPY,VND,181.62,175.46
2633,2025-08-07,KRW,VND,19.9,17.9
2634,2025-08-07,NZD,VND,15891.0,15301.0
2635,2025-08-07,SGD,VND,20679.0,20163.0
2636,2025-08-07,THB,VND,843.0,789.0
2637,2025-08-07,USD,VND,,
2638,2025-08-07,USD,VND,,
2639,2025-08-07,USD,VND,26387.0,26047.0
2640,2025-08-08,AUD,VND,17409.0,16830.0
2641,2025-08-08,CAD,VND,19453.0,18835.0
2642,2025-08-08,CHF,VND,32801.0,32165.0
2643,2025-08-08,CNY,VND,3690.0,3570.0
2644,2025-08-08,EUR,VND,31170.0,30142.0
2645,2025-08-08,GBP,VND,35759.0,34822.0
2646,2025-08-08,HKD,VND,3411.0,3209.0
2647,2025-08-08,JPY,VND,181.18,175.01
2648,2025-08-08,KRW,VND,19.8,17.8
2649,2025-08-08,NZD,VND,15885.0,15301.0
2650,2025-08-08,SGD,VND,20666.0,20141.0
2651,2025-08-08,THB,VND,842.0,789.0
2652,2025-08-08,USD,VND,,
2653,2025-08-08,USD,VND,,
2654,2025-08-08,USD,VND,26399.0,26057.0
2655,2025-08-09,AUD,VND,17434.0,16848.0
2656,2025-08-09,CAD,VND,19421.0,18804.0
2657,2025-08-09,CHF,VND,32825.0,32176.0
2658,2025-08-09,CNY,VND,3690.0,3570.0
2659,2025-08-09,EUR,VND,31193.0,30159.0
2660,2025-08-09,GBP,VND,35793.0,34855.0
2661,2025-08-09,HKD,VND,3412.0,3210.0
2662,2025-08-09,JPY,VND,181.1,174.95
2663,2025-08-09,KRW,VND,19.8,17.8
2664,2025-08-09,NZD,VND,15907.0,15311.0
2665,2025-08-09,SGD,VND,20669.0,20135.0
2666,2025-08-09,THB,VND,844.0,789.0
2667,2025-08-09,USD,VND,,
2668,2025-08-09,USD,VND,,
2669,2025-08-09,USD,VND,26405.0,26060.0
2670,2025-08-11,AUD,VND,17410.0,16835.0
2671,2025-08-11,CAD,VND,19410.0,18791.0
2672,2025-08-11,CHF,VND,32802.0,32155.0
2673,2025-08-11,CNY,VND,3690.0,3570.0
2674,2025-08-11,EUR,VND,31218.0,30191.0
2675,2025-08-11,GBP,VND,35830.0,34893.0
2676,2025-08-11,HKD,VND,3413.0,3211.0
2677,2025-08-11,JPY,VND,181.33,175.22
2678,2025-08-11,KRW,VND,19.8,17.8
2679,2025-08-11,NZD,VND,15857.0,15269.0
2680,2025-08-11,SGD,VND,20682.0,20156.0
2681,2025-08-11,THB,VND,842.0,788.0
2682,2025-08-11,USD,VND,,
2683,2025-08-11,USD,VND,,
2684,2025-08-11,USD,VND,26409.0,26069.0
2685,2025-08-12,AUD,VND,17363.0,16784.0
2686,2025-08-12,CAD,VND,19404.0,18790.0
2687,2025-08-12,CHF,VND,32770.0,32123.0
2688,2025-08-12,CNY,VND,3690.0,3570.0
2689,2025-08-12,EUR,VND,31153.0,30124.0
2690,2025-08-12,GBP,VND,35868.0,34940.0
2691,2025-08-12,HKD,VND,3417.0,3215.0
2692,2025-08-12,JPY,VND,180.47,174.35
2693,2025-08-12,KRW,VND,19.8,17.8
2694,2025-08-12,NZD,VND,15825.0,15237.0
2695,2025-08-12,SGD,VND,20677.0,20152.0
2696,2025-08-12,THB,VND,840.0,787.0
2697,2025-08-12,USD,VND,,
2698,2025-08-12,USD,VND,,
2699,2025-08-12,USD,VND,26445.0,26104.0
2700,2025-08-13,AUD,VND,17559.0,16981.0
2701,2025-08-13,CAD,VND,19470.0,18852.0
2702,2025-08-13,CHF,VND,33124.0,32473.0
2703,2025-08-13,CNY,VND,3690.0,3570.0
2704,2025-08-13,EUR,VND,31492.0,30463.0
2705,2025-08-13,GBP,VND,36205.0,35267.0
2706,2025-08-13,HKD,VND,3420.0,3217.0
2707,2025-08-13,JPY,VND,182.11,175.97
2708,2025-08-13,KRW,VND,19.8,17.8
2709,2025-08-13,NZD,VND,16028.0,15439.0
2710,2025-08-13,SGD,VND,20812.0,20286.0
2711,2025-08-13,THB,VND,846.0,793.0
2712,2025-08-13,USD,VND,,
2713,2025-08-13,USD,VND,,
2714,2025-08-13,USD,VND,26463.0,26120.0
2715,2025-08-14,AUD,VND,17458.0,16876.0
2716,2025-08-14,CAD,VND,19421.0,18804.0
2717,2025-08-14,CHF,VND,32943.0,32302.0
2718,2025-08-14,CNY,VND,3690.0,3570.0
2719,2025-08-14,EUR,VND,31346.0,30319.0
2720,2025-08-14,GBP,VND,36171.0,35240.0
2721,2025-08-14,HKD,VND,3421.0,3218.0
2722,2025-08-14,JPY,VND,182.66,176.53
2723,2025-08-14,KRW,VND,19.8,17.8
2724,2025-08-14,NZD,VND,15897.0,15311.0
2725,2025-08-14,SGD,VND,20759.0,20235.0
2726,2025-08-14,THB,VND,843.0,790.0
2727,2025-08-14,USD,VND,,
2728,2025-08-14,USD,VND,,
2729,2025-08-14,USD,VND,26442.0,26100.0
2730,2025-08-15,AUD,VND,17409.0,16830.0
2731,2025-08-15,CAD,VND,19406.0,18789.0
2732,2025-08-15,CHF,VND,32988.0,32339.0
2733,2025-08-15,CNY,VND,3690.0,3570.0
2734,2025-08-15,EUR,VND,31374.0,30346.0
2735,2025-08-15,GBP,VND,36143.0,35195.0
2736,2025-08-15,HKD,VND,3429.0,3227.0
2737,2025-08-15,JPY,VND,182.47,176.34
2738,2025-08-15,KRW,VND,19.8,17.9
2739,2025-08-15,NZD,VND,15840.0,15249.0
2740,2025-08-15,SGD,VND,20751.0,20233.0
2741,2025-08-15,THB,VND,843.0,789.0
2742,2025-08-15,USD,VND,,
2743,2025-08-15,USD,VND,,
2744,2025-08-15,USD,VND,26452.0,26110.0
2745,2025-08-16,AUD,VND,17420.0,16824.0
2746,2025-08-16,CAD,VND,19375.0,18751.0
2747,2025-08-16,CHF,VND,32962.0,32301.0
2748,2025-08-16,CNY,VND,3690.0,3570.0
2749,2025-08-16,EUR,VND,31409.0,30364.0
2750,2025-08-16,GBP,VND,36135.0,35183.0
2751,2025-08-16,HKD,VND,3429.0,3226.0
2752,2025-08-16,JPY,VND,182.13,175.88
2753,2025-08-16,KRW,VND,19.8,17.9
2754,2025-08-16,NZD,VND,15842.0,15238.0
2755,2025-08-16,SGD,VND,20747.0,20205.0
2756,2025-08-16,THB,VND,842.0,787.0
2757,2025-08-16,USD,VND,,
2758,2025-08-16,USD,VND,,
2759,2025-08-16,USD,VND,26460.0,26105.0
2760,2025-08-18,AUD,VND,17440.0,16862.0
2761,2025-08-18,CAD,VND,19416.0,18802.0
2762,2025-08-18,CHF,VND,32939.0,32304.0
2763,2025-08-18,CNY,VND,3690.0,3570.0
2764,2025-08-18,EUR,VND,31378.0,30350.0
2765,2025-08-18,GBP,VND,36117.0,35183.0
2766,2025-08-18,HKD,VND,3433.0,3231.0
2767,2025-08-18,JPY,VND,181.96,175.84
2768,2025-08-18,KRW,VND,19.8,17.8
2769,2025-08-18,NZD,VND,15885.0,15300.0
2770,2025-08-18,SGD,VND,20765.0,20245.0
2771,2025-08-18,THB,VND,841.0,788.0
2772,2025-08-18,USD,VND,,
2773,2025-08-18,USD,VND,,
2774,2025-08-18,USD,VND,26474.0,26134.0
2775,2025-08-19,AUD,VND,17395.0,16813.0
2776,2025-08-19,CAD,VND,19403.0,18786.0
2777,2025-08-19,CHF,VND,33033.0,32384.0
2778,2025-08-19,CNY,VND,3690.0,3570.0
2779,2025-08-19,EUR,VND,31403.0,30375.0
2780,2025-08-19,GBP,VND,36096.0,35151.0
2781,2025-08-19,HKD,VND,3444.0,3242.0
2782,2025-08-19,JPY,VND,181.75,175.58
2783,2025-08-19,KRW,VND,19.8,17.8
2784,2025-08-19,NZD,VND,15868.0,15274.0
2785,2025-08-19,SGD,VND,20776.0,20247.0
2786,2025-08-19,THB,VND,841.0,788.0
2787,2025-08-19,USD,VND,,
2788,2025-08-19,USD,VND,,
2789,2025-08-19,USD,VND,26495.0,26153.0
2790,2025-08-20,AUD,VND,17309.0,16724.0
2791,2025-08-20,CAD,VND,19394.0,18767.0
2792,2025-08-20,CHF,VND,33096.0,32431.0
2793,2025-08-20,CNY,VND,3690.0,3570.0
2794,2025-08-20,EUR,VND,31426.0,30383.0
2795,2025-08-20,GBP,VND,36170.0,35215.0
2796,2025-08-20,HKD,VND,3450.0,3246.0
2797,2025-08-20,JPY,VND,182.66,176.39
2798,2025-08-20,KRW,VND,19.8,17.8
2799,2025-08-20,NZD,VND,15668.0,15072.0
2800,2025-08-20,SGD,VND,20808.0,20271.0
2801,2025-08-20,THB,VND,844.0,789.0
2802,2025-08-20,USD,VND,,
2803,2025-08-20,USD,VND,,
2804,2025-08-20,USD,VND,26526.0,26230.0
2805,2025-08-21,AUD,VND,17298.0,16712.0
2806,2025-08-21,CAD,VND,19402.0,18783.0
2807,2025-08-21,CHF,VND,33189.0,32548.0
2808,2025-08-21,CNY,VND,3690.0,3570.0
2809,2025-08-21,EUR,VND,31476.0,30432.0
2810,2025-08-21,GBP,VND,36130.0,35181.0
2811,2025-08-21,HKD,VND,3454.0,3251.0
2812,2025-08-21,JPY,VND,182.55,176.36
2813,2025-08-21,KRW,VND,19.8,17.8
2814,2025-08-21,NZD,VND,15675.0,15084.0
2815,2025-08-21,SGD,VND,20803.0,20274.0
2816,2025-08-21,THB,VND,843.0,789.0
2817,2025-08-21,USD,VND,,
2818,2025-08-21,USD,VND,,
2819,2025-08-21,USD,VND,26536.0,26265.0
2820,2025-08-22,AUD,VND,17230.0,16640.0
2821,2025-08-22,CAD,VND,19295.0,18668.0
2822,2025-08-22,CHF,VND,32925.0,32256.0
2823,2025-08-22,CNY,VND,3690.0,3570.0
2824,2025-08-22,EUR,VND,31222.0,30179.0
2825,2025-08-22,GBP,VND,35862.0,34900.0
2826,2025-08-22,HKD,VND,3441.0,3237.0
2827,2025-08-22,JPY,VND,180.74,174.48
2828,2025-08-22,KRW,VND,19.7,17.7
2829,2025-08-22,NZD,VND,15570.0,14974.0
2830,2025-08-22,SGD,VND,20699.0,20160.0
2831,2025-08-22,THB,VND,840.0,785.0
2832,2025-08-22,USD,VND,,
2833,2025-08-22,USD,VND,,
2834,2025-08-22,USD,VND,26525.0,26170.0
2835,2025-08-23,AUD,VND,17395.0,16805.0
2836,2025-08-23,CAD,VND,19391.0,18767.0
2837,2025-08-23,CHF,VND,33209.0,32539.0
2838,2025-08-23,CNY,VND,3830.0,3470.0
2839,2025-08-23,EUR,VND,31500.0,30452.0
2840,2025-08-23,GBP,VND,36122.0,35154.0
2841,2025-08-23,HKD,VND,3439.0,3235.0
2842,2025-08-23,JPY,VND,182.67,176.42
2843,2025-08-23,KRW,VND,19.7,17.7
2844,2025-08-23,NZD,VND,15713.0,15122.0
2845,2025-08-23,SGD,VND,20800.0,20264.0
2846,2025-08-23,THB,VND,844.0,789.0
2847,2025-08-23,USD,VND,,
2848,2025-08-23,USD,VND,,
2849,2025-08-23,USD,VND,26495.0,26140.0
2850,2025-08-25,AUD,VND,17391.0,16810.0
2851,2025-08-25,CAD,VND,19386.0,18764.0
2852,2025-08-25,CHF,VND,33166.0,32505.0
2853,2025-08-25,CNY,VND,3830.0,3470.0
2854,2025-08-25,EUR,VND,31427.0,30396.0
2855,2025-08-25,GBP,VND,36016.0,35069.0
2856,2025-08-25,HKD,VND,3441.0,3238.0
2857,2025-08-25,JPY,VND,182.12,175.96
2858,2025-08-25,KRW,VND,19.8,17.8
2859,2025-08-25,NZD,VND,15690.0,15104.0
2860,2025-08-25,SGD,VND,20761.0,20241.0
2861,2025-08-25,THB,VND,843.0,789.0
2862,2025-08-25,USD,VND,,
2863,2025-08-25,USD,VND,,
2864,2025-08-25,USD,VND,26500.0,26155.0
2865,2025-08-26,AUD,VND,17419.0,16838.0
2866,2025-08-26,CAD,VND,19400.0,18779.0
2867,2025-08-26,CHF,VND,33095.0,32442.0
2868,2025-08-26,CNY,VND,3830.0,3470.0
2869,2025-08-26,EUR,VND,31367.0,30333.0
2870,2025-08-26,GBP,VND,36064.0,35118.0
2871,2025-08-26,HKD,VND,3451.0,3249.0
2872,2025-08-26,JPY,VND,182.31,176.16
2873,2025-08-26,KRW,VND,19.8,17.8
2874,2025-08-26,NZD,VND,15694.0,15109.0
2875,2025-08-26,SGD,VND,20773.0,20242.0
2876,2025-08-26,THB,VND,843.0,790.0
2877,2025-08-26,USD,VND,,
2878,2025-08-26,USD,VND,,
2879,2025-08-26,USD,VND,26536.0,26203.0
2880,2025-08-27,AUD,VND,17367.0,16795.0
2881,2025-08-27,CAD,VND,19387.0,18774.0
2882,2025-08-27,CHF,VND,33042.0,32396.0
2883,2025-08-27,CNY,VND,3830.0,3470.0
2884,2025-08-27,EUR,VND,31214.0,30187.0
2885,2025-08-27,GBP,VND,35944.0,35012.0
2886,2025-08-27,HKD,VND,3458.0,3256.0
2887,2025-08-27,JPY,VND,181.64,175.53
2888,2025-08-27,KRW,VND,19.7,17.7
2889,2025-08-27,NZD,VND,15635.0,15053.0
2890,2025-08-27,SGD,VND,20715.0,20193.0
2891,2025-08-27,THB,VND,844.0,790.0
2892,2025-08-27,USD,VND,,
2893,2025-08-27,USD,VND,,
2894,2025-08-27,USD,VND,26536.0,26202.0
2895,2025-08-28,AUD,VND,17508.0,16926.0
2896,2025-08-28,CAD,VND,19505.0,18888.0
2897,2025-08-28,CHF,VND,33315.0,32661.0
2898,2025-08-28,CNY,VND,3830.0,3470.0
2899,2025-08-28,EUR,VND,31385.0,30358.0
2900,2025-08-28,GBP,VND,36128.0,35180.0
2901,2025-08-28,HKD,VND,3454.0,3252.0
2902,2025-08-28,JPY,VND,182.78,176.64
2903,2025-08-28,KRW,VND,19.8,17.8
2904,2025-08-28,NZD,VND,15740.0,15149.0
2905,2025-08-28,SGD,VND,20797.0,20268.0
2906,2025-08-28,THB,VND,846.0,793.0
2907,2025-08-28,USD,VND,,
2908,2025-08-28,USD,VND,,
2909,2025-08-28,USD,VND,26531.0,26208.0
2910,2025-08-29,AUD,VND,17520.0,16944.0
2911,2025-08-29,CAD,VND,19521.0,18903.0
2912,2025-08-29,CHF,VND,33265.0,32612.0
2913,2025-08-29,CNY,VND,3830.0,3470.0
2914,2025-08-29,EUR,VND,31436.0,30408.0
2915,2025-08-29,GBP,VND,36000.0,35052.0
2916,2025-08-29,HKD,VND,3453.0,3250.0
2917,2025-08-29,JPY,VND,182.76,176.62
2918,2025-08-29,KRW,VND,19.8,17.8
2919,2025-08-29,NZD,VND,15790.0,15202.0
2920,2025-08-29,SGD,VND,20775.0,20248.0
2921,2025-08-29,THB,VND,845.0,792.0
2922,2025-08-29,USD,VND,,
2923,2025-08-29,USD,VND,,
2924,2025-08-29,USD,VND,26502.0,26195.0
2925,2025-08-30,AUD,VND,17560.0,16972.0
2926,2025-08-30,CAD,VND,19541.0,18915.0
2927,2025-08-30,CHF,VND,33317.0,32638.0
2928,2025-08-30,CNY,VND,3830.0,3470.0
2929,2025-08-30,EUR,VND,31480.0,30429.0
2930,2025-08-30,GBP,VND,36124.0,35172.0
2931,2025-08-30,HKD,VND,3453.0,3249.0
2932,2025-08-30,JPY,VND,182.9,176.63
2933,2025-08-30,KRW,VND,19.8,17.8
2934,2025-08-30,NZD,VND,15792.0,15191.0
2935,2025-08-30,SGD,VND,20805.0,20265.0
2936,2025-08-30,THB,VND,848.0,794.0
2937,2025-08-30,USD,VND,,
2938,2025-08-30,USD,VND,,
2939,2025-08-30,USD,VND,26502.0,26190.0
2940,2025-09-03,AUD,VND,17551.0,16971.0
2941,2025-09-03,CAD,VND,19484.0,18868.0
2942,2025-09-03,CHF,VND,33201.0,32567.0
2943,2025-09-03,CNY,VND,3830.0,3470.0
2944,2025-09-03,EUR,VND,31415.0,30391.0
2945,2025-09-03,GBP,VND,35893.0,34953.0
2946,2025-09-03,HKD,VND,3453.0,3251.0
2947,2025-09-03,JPY,VND,181.19,175.05
2948,2025-09-03,KRW,VND,19.8,17.8
2949,2025-09-03,NZD,VND,15746.0,15164.0
2950,2025-09-03,SGD,VND,20742.0,20219.0
2951,2025-09-03,THB,VND,848.0,794.0
2952,2025-09-03,USD,VND,,
2953,2025-09-03,USD,VND,,
2954,2025-09-03,USD,VND,26508.0,26225.0
2955,2025-09-04,AUD,VND,17512.0,16939.0
2956,2025-09-04,CAD,VND,19451.0,18838.0
2957,2025-09-04,CHF,VND,33153.0,32518.0
2958,2025-09-04,CNY,VND,3830.0,3470.0
2959,2025-09-04,EUR,VND,31390.0,30362.0
2960,2025-09-04,GBP,VND,35979.0,35042.0
2961,2025-09-04,HKD,VND,3455.0,3253.0
2962,2025-09-04,JPY,VND,181.49,175.37
2963,2025-09-04,KRW,VND,19.8,17.8
2964,2025-09-04,NZD,VND,15736.0,15148.0
2965,2025-09-04,SGD,VND,20725.0,20209.0
2966,2025-09-04,THB,VND,848.0,795.0
2967,2025-09-04,USD,VND,,
2968,2025-09-04,USD,VND,,
2969,2025-09-04,USD,VND,26510.0,26225.0
2970,2025-09-05,AUD,VND,17593.0,17016.0
2971,2025-09-05,CAD,VND,19497.0,18882.0
2972,2025-09-05,CHF,VND,33253.0,32609.0
2973,2025-09-05,CNY,VND,3830.0,3470.0
2974,2025-09-05,EUR,VND,31523.0,30500.0
2975,2025-09-05,GBP,VND,36108.0,35176.0
2976,2025-09-05,HKD,VND,3455.0,3253.0
2977,2025-09-05,JPY,VND,181.77,175.65
2978,2025-09-05,KRW,VND,19.8,17.8
2979,2025-09-05,NZD,VND,15789.0,15203.0
2980,2025-09-05,SGD,VND,20778.0,20258.0
2981,2025-09-05,THB,VND,853.0,798.0
2982,2025-09-05,USD,VND,,
2983,2025-09-05,USD,VND,,
2984,2025-09-05,USD,VND,26510.0,26242.0
2985,2025-09-06,AUD,VND,17627.0,17038.0
2986,2025-09-06,CAD,VND,19444.0,18828.0
2987,2025-09-06,CHF,VND,33441.0,32799.0
2988,2025-09-06,CNY,VND,3830.0,3470.0
2989,2025-09-06,EUR,VND,31602.0,30563.0
2990,2025-09-06,GBP,VND,36183.0,35234.0
2991,2025-09-06,HKD,VND,3457.0,3254.0
2992,2025-09-06,JPY,VND,182.67,176.46
2993,2025-09-06,KRW,VND,19.8,17.8
2994,2025-09-06,NZD,VND,15831.0,15241.0
2995,2025-09-06,SGD,VND,20811.0,20277.0
2996,2025-09-06,THB,VND,855.0,800.0
2997,2025-09-06,USD,VND,,
2998,2025-09-06,USD,VND,,
2999,2025-09-06,USD,VND,26510.0,26230.0
3000,2025-09-08,AUD,VND,17697.0,17126.0
3001,2025-09-08,CAD,VND,19476.0,18859.0
3002,2025-09-08,CHF,VND,33539.0,32889.0
3003,2025-09-08,CNY,VND,3830.0,3470.0
3004,2025-09-08,EUR,VND,31627.0,30602.0
3005,2025-09-08,GBP,VND,36200.0,35266.0
3006,2025-09-08,HKD,VND,3460.0,3258.0
3007,2025-09-08,JPY,VND,182.32,176.2
3008,2025-09-08,KRW,VND,19.8,17.8
3009,2025-09-08,NZD,VND,15919.0,15333.0
3010,2025-09-08,SGD,VND,20829.0,20307.0
3011,2025-09-08,THB,VND,861.0,807.0
3012,2025-09-08,USD,VND,,
3013,2025-09-08,USD,VND,,
3014,2025-09-08,USD,VND,26497.0,26252.0
3015,2025-09-09,AUD,VND,17775.0,17201.0
3016,2025-09-09,CAD,VND,19477.0,18860.0
3017,2025-09-09,CHF,VND,33656.0,33010.0
3018,2025-09-09,CNY,VND,3830.0,3470.0
3019,2025-09-09,EUR,VND,31712.0,30689.0
3020,2025-09-09,GBP,VND,36364.0,35433.0
3021,2025-09-09,HKD,VND,3459.0,3257.0
3022,2025-09-09,JPY,VND,183.84,177.7
3023,2025-09-09,KRW,VND,19.8,17.8
3024,2025-09-09,NZD,VND,15993.0,15406.0
3025,2025-09-09,SGD,VND,20873.0,20352.0
3026,2025-09-09,THB,VND,865.0,812.0
3027,2025-09-09,USD,VND,,
3028,2025-09-09,USD,VND,,
3029,2025-09-09,USD,VND,26497.0,26225.0
3030,2025-09-10,AUD,VND,17754.0,17177.0
3031,2025-09-10,CAD,VND,19416.0,18801.0
3032,2025-09-10,CHF,VND,33495.0,32849.0
3033,2025-09-10,CNY,VND,3830.0,3470.0
3034,2025-09-10,EUR,VND,31577.0,30550.0
3035,2025-09-10,GBP,VND,36253.0,35328.0
3036,2025-09-10,HKD,VND,3459.0,3258.0
3037,2025-09-10,JPY,VND,182.6,176.47
3038,2025-09-10,KRW,VND,19.8,17.8
3039,2025-09-10,NZD,VND,15969.0,15385.0
3040,2025-09-10,SGD,VND,20831.0,20316.0
3041,2025-09-10,THB,VND,862.0,809.0
3042,2025-09-10,USD,VND,,
3043,2025-09-10,USD,VND,,
3044,2025-09-10,USD,VND,26482.0,26233.0
3045,2025-09-11,AUD,VND,17751.0,17176.0
3046,2025-09-11,CAD,VND,19376.0,18759.0
3047,2025-09-11,CHF,VND,33405.0,32758.0
3048,2025-09-11,CNY,VND,3830.0,3470.0
3049,2025-09-11,EUR,VND,31519.0,30485.0
3050,2025-09-11,GBP,VND,36159.0,35226.0
3051,2025-09-11,HKD,VND,3460.0,3259.0
3052,2025-09-11,JPY,VND,182.0,175.89
3053,2025-09-11,KRW,VND,19.8,17.8
3054,2025-09-11,NZD,VND,15926.0,15339.0
3055,2025-09-11,SGD,VND,20808.0,20286.0
3056,2025-09-11,THB,VND,861.0,807.0
3057,2025-09-11,USD,VND,,
3058,2025-09-11,USD,VND,,
3059,2025-09-11,USD,VND,26482.0,26240.0
3060,2025-09-12,AUD,VND,17866.0,17285.0
3061,2025-09-12,CAD,VND,19425.0,18807.0
3062,2025-09-12,CHF,VND,33470.0,32818.0
3063,2025-09-12,CNY,VND,3830.0,3470.0
3064,2025-09-12,EUR,VND,31606.0,30567.0
3065,2025-09-12,GBP,VND,36275.0,35341.0
3066,2025-09-12,HKD,VND,3462.0,3260.0
3067,2025-09-12,JPY,VND,181.98,175.83
3068,2025-09-12,KRW,VND,19.8,17.8
3069,2025-09-12,NZD,VND,15992.0,15401.0
3070,2025-09-12,SGD,VND,20834.0,20307.0
3071,2025-09-12,THB,VND,864.0,810.0
3072,2025-09-12,USD,VND,,
3073,2025-09-12,USD,VND,,
3074,2025-09-12,USD,VND,26476.0,26225.0
3075,2025-09-13,AUD,VND,17869.0,17280.0
3076,2025-09-13,CAD,VND,19427.0,18805.0
3077,2025-09-13,CHF,VND,33510.0,32843.0
3078,2025-09-13,CNY,VND,3830.0,3470.0
3079,2025-09-13,EUR,VND,31633.0,30599.0
3080,2025-09-13,GBP,VND,36300.0,35359.0
3081,2025-09-13,HKD,VND,3463.0,3261.0
3082,2025-09-13,JPY,VND,182.29,176.13
3083,2025-09-13,KRW,VND,19.8,17.8
3084,2025-09-13,NZD,VND,15989.0,15404.0
3085,2025-09-13,SGD,VND,20843.0,20308.0
3086,2025-09-13,THB,VND,866.0,809.0
3087,2025-09-13,USD,VND,,
3088,2025-09-13,USD,VND,,
3089,2025-09-13,USD,VND,26476.0,26225.0
3090,2025-09-15,AUD,VND,17872.0,17297.0
3091,2025-09-15,CAD,VND,19434.0,18818.0
3092,2025-09-15,CHF,VND,33550.0,32903.0
3093,2025-09-15,CNY,VND,3830.0,3470.0
3094,2025-09-15,EUR,VND,31663.0,30639.0
3095,2025-09-15,GBP,VND,36384.0,35459.0
3096,2025-09-15,HKD,VND,3463.0,3261.0
3097,2025-09-15,JPY,VND,182.59,176.48
3098,2025-09-15,KRW,VND,19.8,17.8
3099,2025-09-15,NZD,VND,15990.0,15403.0
3100,2025-09-15,SGD,VND,20848.0,20326.0
3101,2025-09-15,THB,VND,859.0,806.0
3102,2025-09-15,USD,VND,,
3103,2025-09-15,USD,VND,,
3104,2025-09-15,USD,VND,26476.0,26223.0
3105,2025-09-16,AUD,VND,17901.0,17322.0
3106,2025-09-16,CAD,VND,19519.0,18904.0
3107,2025-09-16,CHF,VND,33709.0,33063.0
3108,2025-09-16,CNY,VND,3830.0,3470.0
3109,2025-09-16,EUR,VND,31826.0,30790.0
3110,2025-09-16,GBP,VND,36493.0,35562.0
3111,2025-09-16,HKD,VND,3461.0,3259.0
3112,2025-09-16,JPY,VND,183.08,176.94
3113,2025-09-16,KRW,VND,19.8,17.8
3114,2025-09-16,NZD,VND,16025.0,15439.0
3115,2025-09-16,SGD,VND,20907.0,20384.0
3116,2025-09-16,THB,VND,865.0,811.0
3117,2025-09-16,USD,VND,,
3118,2025-09-16,USD,VND,,
3119,2025-09-16,USD,VND,26468.0,26217.0
3120,2025-09-17,AUD,VND,17912.0,17336.0
3121,2025-09-17,CAD,VND,19534.0,18917.0
3122,2025-09-17,CHF,VND,33878.0,33223.0
3123,2025-09-17,CNY,VND,3830.0,3470.0
3124,2025-09-17,EUR,VND,31895.0,30864.0
3125,2025-09-17,GBP,VND,36507.0,35573.0
3126,2025-09-17,HKD,VND,3464.0,3261.0
3127,2025-09-17,JPY,VND,183.86,177.7
3128,2025-09-17,KRW,VND,20.0,18.0
3129,2025-09-17,NZD,VND,16038.0,15442.0
3130,2025-09-17,SGD,VND,20921.0,20401.0
3131,2025-09-17,THB,VND,863.0,809.0
3132,2025-09-17,USD,VND,,
3133,2025-09-17,USD,VND,,
3134,2025-09-17,USD,VND,26457.0,26210.0
3135,2025-09-18,AUD,VND,17868.0,17294.0
3136,2025-09-18,CAD,VND,19515.0,18897.0
3137,2025-09-18,CHF,VND,33860.0,33213.0
3138,2025-09-18,CNY,VND,3830.0,3470.0
3139,2025-09-18,EUR,VND,31894.0,30870.0
3140,2025-09-18,GBP,VND,36523.0,35590.0
3141,2025-09-18,HKD,VND,3463.0,3261.0
3142,2025-09-18,JPY,VND,182.72,176.6
3143,2025-09-18,KRW,VND,20.0,18.0
3144,2025-09-18,NZD,VND,15857.0,15268.0
3145,2025-09-18,SGD,VND,20894.0,20370.0
3146,2025-09-18,THB,VND,862.0,808.0
3147,2025-09-18,USD,VND,,
3148,2025-09-18,USD,VND,,
3149,2025-09-18,USD,VND,26445.0,26222.0
3150,2025-09-19,AUD,VND,17738.0,17164.0
3151,2025-09-19,CAD,VND,19460.0,18848.0
3152,2025-09-19,CHF,VND,33569.0,32923.0
3153,2025-09-19,CNY,VND,3830.0,3470.0
3154,2025-09-19,EUR,VND,31695.0,30672.0
3155,2025-09-19,GBP,VND,36155.0,35223.0
3156,2025-09-19,HKD,VND,3464.0,3262.0
3157,2025-09-19,JPY,VND,181.92,175.82
3158,2025-09-19,KRW,VND,19.9,17.9
3159,2025-09-19,NZD,VND,15777.0,15196.0
3160,2025-09-19,SGD,VND,20812.0,20290.0
3161,2025-09-19,THB,VND,860.0,807.0
3162,2025-09-19,USD,VND,,
3163,2025-09-19,USD,VND,,
3164,2025-09-19,USD,VND,26445.0,26226.0
3165,2025-09-20,AUD,VND,17718.0,17129.0
3166,2025-09-20,CAD,VND,19505.0,18887.0
3167,2025-09-20,CHF,VND,33545.0,32887.0
3168,2025-09-20,CNY,VND,3830.0,3470.0
3169,2025-09-20,EUR,VND,31659.0,30622.0
3170,2025-09-20,GBP,VND,36066.0,35115.0
3171,2025-09-20,HKD,VND,3465.0,3262.0
3172,2025-09-20,JPY,VND,181.92,175.72
3173,2025-09-20,KRW,VND,19.9,17.9
3174,2025-09-20,NZD,VND,15728.0,15142.0
3175,2025-09-20,SGD,VND,20803.0,20269.0
3176,2025-09-20,THB,VND,861.0,806.0
3177,2025-09-20,USD,VND,,
3178,2025-09-20,USD,VND,,
3179,2025-09-20,USD,VND,26445.0,26220.0
3180,2025-09-22,AUD,VND,17740.0,17165.0
3181,2025-09-22,CAD,VND,19488.0,18872.0
3182,2025-09-22,CHF,VND,33633.0,32985.0
3183,2025-09-22,CNY,VND,3830.0,3470.0
3184,2025-09-22,EUR,VND,31773.0,30748.0
3185,2025-09-22,GBP,VND,36186.0,35252.0
3186,2025-09-22,HKD,VND,3471.0,3269.0
3187,2025-09-22,JPY,VND,182.21,176.09
3188,2025-09-22,KRW,VND,19.9,17.9
3189,2025-09-22,NZD,VND,15758.0,15173.0
3190,2025-09-22,SGD,VND,20851.0,20327.0
3191,2025-09-22,THB,VND,862.0,809.0
3192,2025-09-22,USD,VND,,
3193,2025-09-22,USD,VND,,
3194,2025-09-22,USD,VND,26448.0,26255.0
3195,2025-09-23,AUD,VND,17762.0,17187.0
3196,2025-09-23,CAD,VND,19458.0,18843.0
3197,2025-09-23,CHF,VND,33726.0,33066.0
3198,2025-09-23,CNY,VND,3830.0,3470.0
3199,2025-09-23,EUR,VND,31836.0,30809.0
3200,2025-09-23,GBP,VND,36195.0,35252.0
3201,2025-09-23,HKD,VND,3468.0,3267.0
3202,2025-09-23,JPY,VND,182.49,176.38
3203,2025-09-23,KRW,VND,19.9,17.9
3204,2025-09-23,NZD,VND,15765.0,15178.0
3205,2025-09-23,SGD,VND,20850.0,20327.0
3206,2025-09-23,THB,VND,862.0,809.0
3207,2025-09-23,USD,VND,,
3208,2025-09-23,USD,VND,,
3209,2025-09-23,USD,VND,26448.0,26253.0
3210,2025-09-24,AUD,VND,17783.0,17203.0
3211,2025-09-24,CAD,VND,19405.0,18791.0
3212,2025-09-24,CHF,VND,33643.0,32996.0
3213,2025-09-24,CNY,VND,3830.0,3470.0
3214,2025-09-24,EUR,VND,31756.0,30732.0
3215,2025-09-24,GBP,VND,36119.0,35194.0
3216,2025-09-24,HKD,VND,3468.0,3266.0
3217,2025-09-24,JPY,VND,181.7,175.58
3218,2025-09-24,KRW,VND,19.9,17.9
3219,2025-09-24,NZD,VND,15709.0,15127.0
3220,2025-09-24,SGD,VND,20797.0,20282.0
3221,2025-09-24,THB,VND,857.0,804.0
3222,2025-09-24,USD,VND,,
3223,2025-09-24,USD,VND,,
3224,2025-09-24,USD,VND,26445.0,26257.0
3225,2025-09-25,AUD,VND,17733.0,17156.0
3226,2025-09-25,CAD,VND,19361.0,18746.0
3227,2025-09-25,CHF,VND,33551.0,32905.0
3228,2025-09-25,CNY,VND,3830.0,3470.0
3229,2025-09-25,EUR,VND,31676.0,30650.0
3230,2025-09-25,GBP,VND,36021.0,35096.0
3231,2025-09-25,HKD,VND,3466.0,3264.0
3232,2025-09-25,JPY,VND,181.04,174.89
3233,2025-09-25,KRW,VND,19.9,17.9
3234,2025-09-25,NZD,VND,15649.0,15062.0
3235,2025-09-25,SGD,VND,20754.0,20227.0
3236,2025-09-25,THB,VND,853.0,800.0
3237,2025-09-25,USD,VND,,
3238,2025-09-25,USD,VND,,
3239,2025-09-25,USD,VND,26450.0,26241.0
3240,2025-09-26,AUD,VND,17552.0,16973.0
3241,2025-09-26,CAD,VND,19286.0,18673.0
3242,2025-09-26,CHF,VND,33400.0,32752.0
3243,2025-09-26,CNY,VND,3830.0,3470.0
3244,2025-09-26,EUR,VND,31500.0,30475.0
3245,2025-09-26,GBP,VND,35782.0,34840.0
3246,2025-09-26,HKD,VND,3465.0,3263.0
3247,2025-09-26,JPY,VND,179.85,173.73
3248,2025-09-26,KRW,VND,19.8,17.7
3249,2025-09-26,NZD,VND,15486.0,14898.0
3250,2025-09-26,SGD,VND,20681.0,20158.0
3251,2025-09-26,THB,VND,851.0,797.0
3252,2025-09-26,USD,VND,,
3253,2025-09-26,USD,VND,,
3254,2025-09-26,USD,VND,26453.0,26245.0
3255,2025-09-27,AUD,VND,17599.0,17023.0
3256,2025-09-27,CAD,VND,19297.0,18680.0
3257,2025-09-27,CHF,VND,33478.0,32816.0
3258,2025-09-27,CNY,VND,3830.0,3470.0
3259,2025-09-27,EUR,VND,31566.0,30532.0
3260,2025-09-27,GBP,VND,35922.0,34968.0
3261,2025-09-27,HKD,VND,3466.0,3263.0
3262,2025-09-27,JPY,VND,180.2,174.03
3263,2025-09-27,KRW,VND,19.8,17.7
3264,2025-09-27,NZD,VND,15515.0,14930.0
3265,2025-09-27,SGD,VND,20712.0,20175.0
3266,2025-09-27,THB,VND,852.0,797.0
3267,2025-09-27,USD,VND,,
3268,2025-09-27,USD,VND,,
3269,2025-09-27,USD,VND,26453.0,26240.0
3270,2025-09-29,AUD,VND,17668.0,17093.0
3271,2025-09-29,CAD,VND,19340.0,18725.0
3272,2025-09-29,CHF,VND,33537.0,32890.0
3273,2025-09-29,CNY,VND,3830.0,3470.0
3274,2025-09-29,EUR,VND,31626.0,30602.0
3275,2025-09-29,GBP,VND,36009.0,35076.0
3276,2025-09-29,HKD,VND,3467.0,3265.0
3277,2025-09-29,JPY,VND,181.41,175.3
3278,2025-09-29,KRW,VND,19.8,17.8
3279,2025-09-29,NZD,VND,15566.0,14984.0
3280,2025-09-29,SGD,VND,20744.0,20224.0
3281,2025-09-29,THB,VND,851.0,798.0
3282,2025-09-29,USD,VND,,
3283,2025-09-29,USD,VND,,
3284,2025-09-29,USD,VND,26451.0,26266.0
3285,2025-09-30,AUD,VND,17789.0,17211.0
3286,2025-09-30,CAD,VND,19352.0,18736.0
3287,2025-09-30,CHF,VND,33529.0,32881.0
3288,2025-09-30,CNY,VND,3830.0,3470.0
3289,2025-09-30,EUR,VND,31708.0,30680.0
3290,2025-09-30,GBP,VND,36051.0,35117.0
3291,2025-09-30,HKD,VND,3468.0,3266.0
3292,2025-09-30,JPY,VND,182.2,176.08
3293,2025-09-30,KRW,VND,19.7,17.8
3294,2025-09-30,NZD,VND,15595.0,15008.0
3295,2025-09-30,SGD,VND,20756.0,20229.0
3296,2025-09-30,THB,VND,847.0,794.0
3297,2025-09-30,USD,VND,,
3298,2025-09-30,USD,VND,,
3299,2025-09-30,USD,VND,26446.0,26265.0
3300,2025-10-01,AUD,VND,17789.0,17207.0
3301,2025-10-01,CAD,VND,19329.0,18710.0
3302,2025-10-01,CHF,VND,33539.0,32885.0
3303,2025-10-01,CNY,VND,3830.0,3470.0
3304,2025-10-01,EUR,VND,31666.0,30634.0
3305,2025-10-01,GBP,VND,36090.0,35149.0
3306,2025-10-01,HKD,VND,3466.0,3264.0
3307,2025-10-01,JPY,VND,183.05,176.9
3308,2025-10-01,KRW,VND,19.7,17.8
3309,2025-10-01,NZD,VND,15627.0,15041.0
3310,2025-10-01,SGD,VND,20765.0,20236.0
3311,2025-10-01,THB,VND,848.0,795.0
3312,2025-10-01,USD,VND,,
3313,2025-10-01,USD,VND,,
3314,2025-10-01,USD,VND,26446.0,26255.0
3315,2025-10-02,AUD,VND,17770.0,17198.0
3316,2025-10-02,CAD,VND,19297.0,18685.0
3317,2025-10-02,CHF,VND,33534.0,32900.0
3318,2025-10-02,CNY,VND,3830.0,3470.0
3319,2025-10-02,EUR,VND,31680.0,30653.0
3320,2025-10-02,GBP,VND,36142.0,35209.0
3321,2025-10-02,HKD,VND,3464.0,3262.0
3322,2025-10-02,JPY,VND,183.54,177.43
3323,2025-10-02,KRW,VND,19.8,17.9
3324,2025-10-02,NZD,VND,15676.0,15089.0
3325,2025-10-02,SGD,VND,20769.0,20254.0
3326,2025-10-02,THB,VND,847.0,794.0
3327,2025-10-02,USD,VND,,
3328,2025-10-02,USD,VND,,
3329,2025-10-02,USD,VND,26435.0,26237.0
3330,2025-10-03,AUD,VND,17740.0,17166.0
3331,2025-10-03,CAD,VND,19250.0,18635.0
3332,2025-10-03,CHF,VND,33478.0,32833.0
3333,2025-10-03,CNY,VND,3830.0,3470.0
3334,2025-10-03,EUR,VND,31624.0,30601.0
3335,2025-10-03,GBP,VND,36007.0,35075.0
3336,2025-10-03,HKD,VND,3461.0,3259.0
3337,2025-10-03,JPY,VND,182.61,176.47
3338,2025-10-03,KRW,VND,19.8,17.8
3339,2025-10-03,NZD,VND,15666.0,15079.0
3340,2025-10-03,SGD,VND,20726.0,20202.0
3341,2025-10-03,THB,VND,846.0,793.0
3342,2025-10-03,USD,VND,,
3343,2025-10-03,USD,VND,,
3344,2025-10-03,USD,VND,26420.0,26220.0
3345,2025-10-04,AUD,VND,17741.0,17152.0
3346,2025-10-04,CAD,VND,19271.0,18646.0
3347,2025-10-04,CHF,VND,33539.0,32897.0
3348,2025-10-04,CNY,VND,3830.0,3470.0
3349,2025-10-04,EUR,VND,31645.0,30608.0
3350,2025-10-04,GBP,VND,36078.0,35140.0
3351,2025-10-04,HKD,VND,3462.0,3259.0
3352,2025-10-04,JPY,VND,182.49,176.31
3353,2025-10-04,KRW,VND,19.8,17.8
3354,2025-10-04,NZD,VND,15656.0,15071.0
3355,2025-10-04,SGD,VND,20731.0,20205.0
3356,2025-10-04,THB,VND,848.0,794.0
3357,2025-10-04,USD,VND,,
3358,2025-10-04,USD,VND,,
3359,2025-10-04,USD,VND,26420.0,26215.0
3360,2025-10-06,AUD,VND,17702.0,17123.0
3361,2025-10-06,CAD,VND,19250.0,18636.0
3362,2025-10-06,CHF,VND,33365.0,32720.0
3363,2025-10-06,CNY,VND,3830.0,3470.0
3364,2025-10-06,EUR,VND,31409.0,30386.0
3365,2025-10-06,GBP,VND,35928.0,34997.0
3366,2025-10-06,HKD,VND,3458.0,3257.0
3367,2025-10-06,JPY,VND,178.84,172.69
3368,2025-10-06,KRW,VND,19.8,17.8
3369,2025-10-06,NZD,VND,15600.0,15014.0
3370,2025-10-06,SGD,VND,20632.0,20110.0
3371,2025-10-06,THB,VND,844.0,790.0
3372,2025-10-06,USD,VND,,
3373,2025-10-06,USD,VND,,
3374,2025-10-06,USD,VND,26403.0,26203.0
3375,2025-10-07,AUD,VND,17698.0,17119.0
3376,2025-10-07,CAD,VND,19248.0,18636.0
3377,2025-10-07,CHF,VND,33400.0,32755.0
3378,2025-10-07,CNY,VND,3830.0,3470.0
3379,2025-10-07,EUR,VND,31415.0,30392.0
3380,2025-10-07,GBP,VND,35952.0,35021.0
3381,2025-10-07,HKD,VND,3458.0,3256.0
3382,2025-10-07,JPY,VND,178.42,172.28
3383,2025-10-07,KRW,VND,19.7,17.8
3384,2025-10-07,NZD,VND,15596.0,15007.0
3385,2025-10-07,SGD,VND,20656.0,20134.0
3386,2025-10-07,THB,VND,843.0,789.0
3387,2025-10-07,USD,VND,,
3388,2025-10-07,USD,VND,,
3389,2025-10-07,USD,VND,26398.0,26201.0
3390,2025-10-08,AUD,VND,17621.0,17040.0
3391,2025-10-08,CAD,VND,19247.0,18634.0
3392,2025-10-08,CHF,VND,33283.0,32632.0
3393,2025-10-08,CNY,VND,3830.0,3470.0
3394,2025-10-08,EUR,VND,31279.0,30251.0
3395,2025-10-08,GBP,VND,35869.0,34924.0
3396,2025-10-08,HKD,VND,3458.0,3256.0
3397,2025-10-08,JPY,VND,175.95,169.81
3398,2025-10-08,KRW,VND,19.8,17.8
3399,2025-10-08,NZD,VND,15472.0,14887.0
3400,2025-10-08,SGD,VND,20597.0,20070.0
3401,2025-10-08,THB,VND,842.0,789.0
3402,2025-10-08,USD,VND,,
3403,2025-10-08,USD,VND,,
3404,2025-10-08,USD,VND,26389.0,26198.0
3405,2025-10-09,AUD,VND,17697.0,17119.0
3406,2025-10-09,CAD,VND,19248.0,18633.0
3407,2025-10-09,CHF,VND,33271.0,32624.0
3408,2025-10-09,CNY,VND,3830.0,3470.0
3409,2025-10-09,EUR,VND,31290.0,30265.0
3410,2025-10-09,GBP,VND,35781.0,34849.0
3411,2025-10-09,HKD,VND,3457.0,3255.0
3412,2025-10-09,JPY,VND,176.24,170.13
3413,2025-10-09,KRW,VND,19.5,17.6
3414,2025-10-09,NZD,VND,15504.0,14919.0
3415,2025-10-09,SGD,VND,20601.0,20077.0
3416,2025-10-09,THB,VND,841.0,787.0
3417,2025-10-09,USD,VND,,
3418,2025-10-09,USD,VND,,
3419,2025-10-09,USD,VND,26386.0,26185.0
3420,2025-10-10,AUD,VND,17586.0,17009.0
3421,2025-10-10,CAD,VND,19151.0,18537.0
3422,2025-10-10,CHF,VND,33077.0,32433.0
3423,2025-10-10,CNY,VND,3830.0,3470.0
3424,2025-10-10,EUR,VND,31173.0,30150.0
3425,2025-10-10,GBP,VND,35543.0,34612.0
3426,2025-10-10,HKD,VND,3456.0,3254.0
3427,2025-10-10,JPY,VND,176.12,170.02
3428,2025-10-10,KRW,VND,19.8,17.8
3429,2025-10-10,NZD,VND,15431.0,14844.0
3430,2025-10-10,SGD,VND,20556.0,20034.0
3431,2025-10-10,THB,VND,837.0,784.0
3432,2025-10-10,USD,VND,,
3433,2025-10-10,USD,VND,,
3434,2025-10-10,USD,VND,26384.0,26179.0
3435,2025-10-11,AUD,VND,17367.0,16781.0
3436,2025-10-11,CAD,VND,19167.0,18545.0
3437,2025-10-11,CHF,VND,33339.0,32687.0
3438,2025-10-11,CNY,VND,3830.0,3470.0
3439,2025-10-11,EUR,VND,31277.0,30243.0
3440,2025-10-11,GBP,VND,35708.0,34777.0
3441,2025-10-11,HKD,VND,3456.0,3254.0
3442,2025-10-11,JPY,VND,177.83,171.67
3443,2025-10-11,KRW,VND,19.8,17.8
3444,2025-10-11,NZD,VND,15343.0,14761.0
3445,2025-10-11,SGD,VND,20575.0,20047.0
3446,2025-10-11,THB,VND,838.0,784.0
3447,2025-10-11,USD,VND,,
3448,2025-10-11,USD,VND,,
3449,2025-10-11,USD,VND,26384.0,26180.0
3450,2025-10-13,AUD,VND,17493.0,16919.0
3451,2025-10-13,CAD,VND,19172.0,18558.0
3452,2025-10-13,CHF,VND,33166.0,32522.0
3453,2025-10-13,CNY,VND,3830.0,3470.0
3454,2025-10-13,EUR,VND,31200.0,30175.0
3455,2025-10-13,GBP,VND,35642.0,34711.0
3456,2025-10-13,HKD,VND,3459.0,3257.0
3457,2025-10-13,JPY,VND,176.65,170.55
3458,2025-10-13,KRW,VND,19.7,17.8
3459,2025-10-13,NZD,VND,15375.0,14788.0
3460,2025-10-13,SGD,VND,20558.0,20034.0
3461,2025-10-13,THB,VND,841.0,788.0
3462,2025-10-13,USD,VND,,
3463,2025-10-13,USD,VND,,
3464,2025-10-13,USD,VND,26367.0,26182.0
3465,2025-10-14,AUD,VND,17290.0,16712.0
3466,2025-10-14,CAD,VND,19085.0,18469.0
3467,2025-10-14,CHF,VND,33161.0,32510.0
3468,2025-10-14,CNY,VND,3830.0,3470.0
3469,2025-10-14,EUR,VND,31114.0,30086.0
3470,2025-10-14,GBP,VND,35474.0,34529.0
3471,2025-10-14,HKD,VND,3461.0,3259.0
3472,2025-10-14,JPY,VND,176.9,170.75
3473,2025-10-14,KRW,VND,19.7,17.8
3474,2025-10-14,NZD,VND,15250.0,14667.0
3475,2025-10-14,SGD,VND,20514.0,19988.0
3476,2025-10-14,THB,VND,835.0,782.0
3477,2025-10-14,USD,VND,,
3478,2025-10-14,USD,VND,,
3479,2025-10-14,USD,VND,26369.0,26192.0
3480,2025-10-15,AUD,VND,17493.0,16921.0
3481,2025-10-15,CAD,VND,19123.0,18509.0
3482,2025-10-15,CHF,VND,33284.0,32652.0
3483,2025-10-15,CNY,VND,3830.0,3470.0
3484,2025-10-15,EUR,VND,31302.0,30279.0
3485,2025-10-15,GBP,VND,35683.0,34744.0
3486,2025-10-15,HKD,VND,3459.0,3257.0
3487,2025-10-15,JPY,VND,177.61,171.51
3488,2025-10-15,KRW,VND,19.5,17.6
3489,2025-10-15,NZD,VND,15366.0,14780.0
3490,2025-10-15,SGD,VND,20587.0,20073.0
3491,2025-10-15,THB,VND,841.0,788.0
3492,2025-10-15,USD,VND,,
3493,2025-10-15,USD,VND,,
3494,2025-10-15,USD,VND,26369.0,26181.0
3495,2025-10-16,AUD,VND,17454.0,16875.0
3496,2025-10-16,CAD,VND,19116.0,18502.0
3497,2025-10-16,CHF,VND,33446.0,32797.0
3498,2025-10-16,CNY,VND,3830.0,3470.0
3499,2025-10-16,EUR,VND,31374.0,30338.0
3500,2025-10-16,GBP,VND,35904.0,34962.0
3501,2025-10-16,HKD,VND,3460.0,3258.0
3502,2025-10-16,JPY,VND,177.67,171.56
3503,2025-10-16,KRW,VND,19.5,17.6
3504,2025-10-16,NZD,VND,15386.0,14797.0
3505,2025-10-16,SGD,VND,20592.0,20068.0
3506,2025-10-16,THB,VND,841.0,788.0
3507,2025-10-16,USD,VND,,
3508,2025-10-16,USD,VND,,
3509,2025-10-16,USD,VND,26364.0,26190.0
3510,2025-10-17,AUD,VND,17345.0,16771.0
3511,2025-10-17,CAD,VND,19122.0,18506.0
3512,2025-10-17,CHF,VND,33731.0,33090.0
3513,2025-10-17,CNY,VND,3830.0,3470.0
3514,2025-10-17,EUR,VND,31470.0,30444.0
3515,2025-10-17,GBP,VND,35888.0,34965.0
3516,2025-10-17,HKD,VND,3462.0,3261.0
3517,2025-10-17,JPY,VND,179.42,173.29
3518,2025-10-17,KRW,VND,19.7,17.8
3519,2025-10-17,NZD,VND,15358.0,14771.0
3520,2025-10-17,SGD,VND,20614.0,20088.0
3521,2025-10-17,THB,VND,838.0,784.0
3522,2025-10-17,USD,VND,,
3523,2025-10-17,USD,VND,,
3524,2025-10-17,USD,VND,26356.0,26170.0
3525,2025-10-18,AUD,VND,17436.0,16847.0
3526,2025-10-18,CAD,VND,19149.0,18532.0
3527,2025-10-18,CHF,VND,33595.0,32945.0
3528,2025-10-18,CNY,VND,3830.0,3470.0
3529,2025-10-18,EUR,VND,31361.0,30330.0
3530,2025-10-18,GBP,VND,35889.0,34950.0
3531,2025-10-18,HKD,VND,3463.0,3260.0
3532,2025-10-18,JPY,VND,178.48,172.31
3533,2025-10-18,KRW,VND,19.7,17.8
3534,2025-10-18,NZD,VND,15359.0,14774.0
3535,2025-10-18,SGD,VND,20606.0,20069.0
3536,2025-10-18,THB,VND,837.0,782.0
3537,2025-10-18,USD,VND,,
3538,2025-10-18,USD,VND,,
3539,2025-10-18,USD,VND,26356.0,26165.0
3540,2025-10-20,AUD,VND,17419.0,16848.0
3541,2025-10-20,CAD,VND,19132.0,18522.0
3542,2025-10-20,CHF,VND,33601.0,32969.0
3543,2025-10-20,CNY,VND,3830.0,3470.0
3544,2025-10-20,EUR,VND,31388.0,30366.0
3545,2025-10-20,GBP,VND,35899.0,34972.0
3546,2025-10-20,HKD,VND,3462.0,3260.0
3547,2025-10-20,JPY,VND,178.3,172.21
3548,2025-10-20,KRW,VND,19.5,17.5
3549,2025-10-20,NZD,VND,15371.0,14788.0
3550,2025-10-20,SGD,VND,20618.0,20094.0
3551,2025-10-20,THB,VND,837.0,784.0
3552,2025-10-20,USD,VND,,
3553,2025-10-20,USD,VND,,
3554,2025-10-20,USD,VND,26356.0,26171.0
3555,2025-10-21,AUD,VND,17409.0,16835.0
3556,2025-10-21,CAD,VND,19108.0,18493.0
3557,2025-10-21,CHF,VND,33544.0,32900.0
3558,2025-10-21,CNY,VND,3830.0,3470.0
3559,2025-10-21,EUR,VND,31288.0,30267.0
3560,2025-10-21,GBP,VND,35787.0,34857.0
3561,2025-10-21,HKD,VND,3462.0,3260.0
3562,2025-10-21,JPY,VND,177.17,171.08
3563,2025-10-21,KRW,VND,19.5,17.6
3564,2025-10-21,NZD,VND,15334.0,14751.0
3565,2025-10-21,SGD,VND,20580.0,20060.0
3566,2025-10-21,THB,VND,836.0,783.0
3567,2025-10-21,USD,VND,,
3568,2025-10-21,USD,VND,,
3569,2025-10-21,USD,VND,26353.0,26176.0
3570,2025-10-22,AUD,VND,17431.0,16851.0
3571,2025-10-22,CAD,VND,19163.0,18548.0
3572,2025-10-22,CHF,VND,33467.0,32828.0
3573,2025-10-22,CNY,VND,3830.0,3470.0
3574,2025-10-22,EUR,VND,31215.0,30191.0
3575,2025-10-22,GBP,VND,35613.0,34681.0
3576,2025-10-22,HKD,VND,3462.0,3260.0
3577,2025-10-22,JPY,VND,177.17,171.06
3578,2025-10-22,KRW,VND,19.4,17.5
3579,2025-10-22,NZD,VND,15415.0,14828.0
3580,2025-10-22,SGD,VND,20553.0,20029.0
3581,2025-10-22,THB,VND,833.0,780.0
3582,2025-10-22,USD,VND,,
3583,2025-10-22,USD,VND,,
3584,2025-10-22,USD,VND,26353.0,26172.0
3585,2025-10-23,AUD,VND,17462.0,16885.0
3586,2025-10-23,CAD,VND,19173.0,18558.0
3587,2025-10-23,CHF,VND,33365.0,32720.0
3588,2025-10-23,CNY,VND,3830.0,3470.0
3589,2025-10-23,EUR,VND,31186.0,30163.0
3590,2025-10-23,GBP,VND,35658.0,34729.0
3591,2025-10-23,HKD,VND,3459.0,3257.0
3592,2025-10-23,JPY,VND,176.12,169.99
3593,2025-10-23,KRW,VND,19.3,17.3
3594,2025-10-23,NZD,VND,15407.0,14826.0
3595,2025-10-23,SGD,VND,20525.0,20002.0
3596,2025-10-23,THB,VND,834.0,781.0
3597,2025-10-23,USD,VND,,
3598,2025-10-23,USD,VND,,
3599,2025-10-23,USD,VND,26352.0,26155.0
3600,2025-10-24,AUD,VND,17399.0,16818.0
3601,2025-10-24,CAD,VND,19118.0,18502.0
3602,2025-10-24,CHF,VND,33413.0,32765.0
3603,2025-10-24,CNY,VND,3830.0,3470.0
3604,2025-10-24,EUR,VND,31206.0,30179.0
3605,2025-10-24,GBP,VND,35555.0,34621.0
3606,2025-10-24,HKD,VND,3456.0,3254.0
3607,2025-10-24,JPY,VND,175.51,169.4
3608,2025-10-24,KRW,VND,19.3,17.4
3609,2025-10-24,NZD,VND,15375.0,14785.0
3610,2025-10-24,SGD,VND,20505.0,19980.0
3611,2025-10-24,THB,VND,834.0,781.0
3612,2025-10-24,USD,VND,,
3613,2025-10-24,USD,VND,,
3614,2025-10-24,USD,VND,26352.0,26125.0
3615,2025-10-25,AUD,VND,17443.0,16871.0
3616,2025-10-25,CAD,VND,19150.0,18536.0
3617,2025-10-25,CHF,VND,33434.0,32778.0
3618,2025-10-25,CNY,VND,3830.0,3470.0
3619,2025-10-25,EUR,VND,31243.0,30215.0
3620,2025-10-25,GBP,VND,35539.0,34594.0
3621,2025-10-25,HKD,VND,3456.0,3254.0
3622,2025-10-25,JPY,VND,175.63,169.49
3623,2025-10-25,KRW,VND,19.3,17.4
3624,2025-10-25,NZD,VND,15391.0,14809.0
3625,2025-10-25,SGD,VND,20519.0,19988.0
3626,2025-10-25,THB,VND,837.0,781.0
3627,2025-10-25,USD,VND,,
3628,2025-10-25,USD,VND,,
3629,2025-10-25,USD,VND,26352.0,26125.0
3630,2025-10-27,AUD,VND,17561.0,16984.0
3631,2025-10-27,CAD,VND,19181.0,18567.0
3632,2025-10-27,CHF,VND,33416.0,32770.0
3633,2025-10-27,CNY,VND,3830.0,3470.0
3634,2025-10-27,EUR,VND,31272.0,30249.0
3635,2025-10-27,GBP,VND,35618.0,34689.0
3636,2025-10-27,HKD,VND,3458.0,3256.0
3637,2025-10-27,JPY,VND,175.75,169.65
3638,2025-10-27,KRW,VND,19.3,17.4
3639,2025-10-27,NZD,VND,15429.0,14845.0
3640,2025-10-27,SGD,VND,20549.0,20029.0
3641,2025-10-27,THB,VND,836.0,783.0
3642,2025-10-27,USD,VND,,
3643,2025-10-27,USD,VND,,
3644,2025-10-27,USD,VND,26351.0,26129.0
3645,2025-10-28,AUD,VND,17580.0,16999.0
3646,2025-10-28,CAD,VND,19169.0,18552.0
3647,2025-10-28,CHF,VND,33544.0,32895.0
3648,2025-10-28,CNY,VND,3830.0,3470.0
3649,2025-10-28,EUR,VND,31352.0,30326.0
3650,2025-10-28,GBP,VND,35571.0,34635.0
3651,2025-10-28,HKD,VND,3460.0,3258.0
3652,2025-10-28,JPY,VND,176.87,170.75
3653,2025-10-28,KRW,VND,19.3,17.4
3654,2025-10-28,NZD,VND,15476.0,14888.0
3655,2025-10-28,SGD,VND,20597.0,20073.0
3656,2025-10-28,THB,VND,843.0,790.0
3657,2025-10-28,USD,VND,,
3658,2025-10-28,USD,VND,,
3659,2025-10-28,USD,VND,26349.0,26152.0
3660,2025-10-29,AUD,VND,17692.0,17113.0
3661,2025-10-29,CAD,VND,19249.0,18629.0
3662,2025-10-29,CHF,VND,33448.0,32802.0
3663,2025-10-29,CNY,VND,3830.0,3470.0
3664,2025-10-29,EUR,VND,31322.0,30299.0
3665,2025-10-29,GBP,VND,35336.0,34397.0
3666,2025-10-29,HKD,VND,3460.0,3259.0
3667,2025-10-29,JPY,VND,176.45,170.35
3668,2025-10-29,KRW,VND,19.3,17.4
3669,2025-10-29,NZD,VND,15503.0,14916.0
3670,2025-10-29,SGD,VND,20604.0,20078.0
3671,2025-10-29,THB,VND,848.0,794.0
3672,2025-10-29,USD,VND,,
3673,2025-10-29,USD,VND,,
3674,2025-10-29,USD,VND,26345.0,26160.0
3675,2025-10-30,AUD,VND,17610.0,17033.0
3676,2025-10-30,CAD,VND,19233.0,18621.0
3677,2025-10-30,CHF,VND,33333.0,32688.0
3678,2025-10-30,CNY,VND,3830.0,3470.0
3679,2025-10-30,EUR,VND,31253.0,30228.0
3680,2025-10-30,GBP,VND,35235.0,34304.0
3681,2025-10-30,HKD,VND,3461.0,3259.0
3682,2025-10-30,JPY,VND,174.78,168.68
3683,2025-10-30,KRW,VND,19.4,17.5
3684,2025-10-30,NZD,VND,15455.0,14874.0
3685,2025-10-30,SGD,VND,20534.0,20013.0
3686,2025-10-30,THB,VND,845.0,792.0
3687,2025-10-30,USD,VND,,
3688,2025-10-30,USD,VND,,
3689,2025-10-30,USD,VND,26345.0,26156.0
3690,2025-10-31,AUD,VND,17519.0,16948.0
3691,2025-10-31,CAD,VND,19140.0,18526.0
3692,2025-10-31,CHF,VND,33182.0,32549.0
3693,2025-10-31,CNY,VND,3830.0,3470.0
3694,2025-10-31,EUR,VND,31107.0,30084.0
3695,2025-10-31,GBP,VND,35093.0,34162.0
3696,2025-10-31,HKD,VND,3456.0,3254.0
3697,2025-10-31,JPY,VND,174.25,168.16
3698,2025-10-31,KRW,VND,19.4,17.5
3699,2025-10-31,NZD,VND,15330.0,14743.0
3700,2025-10-31,SGD,VND,20487.0,19967.0
3701,2025-10-31,THB,VND,845.0,792.0
3702,2025-10-31,USD,VND,,
3703,2025-10-31,USD,VND,,
3704,2025-10-31,USD,VND,26347.0,26130.0
3705,2025-11-01,AUD,VND,17523.0,16942.0
3706,2025-11-01,CAD,VND,19133.0,18521.0
3707,2025-11-01,CHF,VND,33078.0,32423.0
3708,2025-11-01,CNY,VND,3830.0,3470.0
3709,2025-11-01,EUR,VND,31012.0,29982.0
3710,2025-11-01,GBP,VND,35106.0,34170.0
3711,2025-11-01,HKD,VND,3457.0,3254.0
3712,2025-11-01,JPY,VND,174.38,168.27
3713,2025-11-01,KRW,VND,19.4,17.5
3714,2025-11-01,NZD,VND,15333.0,14743.0
3715,2025-11-01,SGD,VND,20486.0,19959.0
3716,2025-11-01,THB,VND,844.0,790.0
3717,2025-11-01,USD,VND,,
3718,2025-11-01,USD,VND,,
3719,2025-11-01,USD,VND,26347.0,26130.0
3720,2025-11-03,AUD,VND,17539.0,16960.0
3721,2025-11-03,CAD,VND,19100.0,18485.0
3722,2025-11-03,CHF,VND,32971.0,32326.0
3723,2025-11-03,CNY,VND,3830.0,3470.0
3724,2025-11-03,EUR,VND,30965.0,29943.0
3725,2025-11-03,GBP,VND,35047.0,34116.0
3726,2025-11-03,HKD,VND,3456.0,3254.0
3727,2025-11-03,JPY,VND,174.24,168.15
3728,2025-11-03,KRW,VND,19.4,17.5
3729,2025-11-03,NZD,VND,15313.0,14726.0
3730,2025-11-03,SGD,VND,20448.0,19927.0
3731,2025-11-03,THB,VND,842.0,789.0
3732,2025-11-03,USD,VND,,
3733,2025-11-03,USD,VND,,
3734,2025-11-03,USD,VND,26347.0,26137.0
3735,2025-11-04,AUD,VND,17405.0,16827.0
3736,2025-11-04,CAD,VND,19059.0,18443.0
3737,2025-11-04,CHF,VND,32931.0,32282.0
3738,2025-11-04,CNY,VND,3830.0,3470.0
3739,2025-11-04,EUR,VND,30947.0,29920.0
3740,2025-11-04,GBP,VND,34906.0,33981.0
3741,2025-11-04,HKD,VND,3456.0,3255.0
3742,2025-11-04,JPY,VND,175.07,168.93
3743,2025-11-04,KRW,VND,19.4,17.5
3744,2025-11-04,NZD,VND,15175.0,14585.0
3745,2025-11-04,SGD,VND,20427.0,19903.0
3746,2025-11-04,THB,VND,841.0,788.0
3747,2025-11-04,USD,VND,,
3748,2025-11-04,USD,VND,,
3749,2025-11-04,USD,VND,26349.0,26143.0
3750,2025-11-05,AUD,VND,17369.0,16795.0
3751,2025-11-05,CAD,VND,18989.0,18375.0
3752,2025-11-05,CHF,VND,32845.0,32201.0
3753,2025-11-05,CNY,VND,3830.0,3470.0
3754,2025-11-05,EUR,VND,30892.0,29866.0
3755,2025-11-05,GBP,VND,34830.0,33898.0
3756,2025-11-05,HKD,VND,3456.0,3254.0
3757,2025-11-05,JPY,VND,174.79,168.68
3758,2025-11-05,KRW,VND,19.3,17.2
3759,2025-11-05,NZD,VND,15136.0,14550.0
3760,2025-11-05,SGD,VND,20402.0,19882.0
3761,2025-11-05,THB,VND,841.0,787.0
3762,2025-11-05,USD,VND,,
3763,2025-11-05,USD,VND,,
3764,2025-11-05,USD,VND,26351.0,26146.0
3765,2025-11-06,AUD,VND,17452.0,16873.0
3766,2025-11-06,CAD,VND,19019.0,18408.0
3767,2025-11-06,CHF,VND,32901.0,32257.0
3768,2025-11-06,CNY,VND,3830.0,3470.0
3769,2025-11-06,EUR,VND,30954.0,29931.0
3770,2025-11-06,GBP,VND,34927.0,33996.0
3771,2025-11-06,HKD,VND,3455.0,3253.0
3772,2025-11-06,JPY,VND,174.7,168.57
3773,2025-11-06,KRW,VND,19.3,17.2
3774,2025-11-06,NZD,VND,15165.0,14584.0
3775,2025-11-06,SGD,VND,20418.0,19893.0
3776,2025-11-06,THB,VND,845.0,791.0
3777,2025-11-06,USD,VND,,
3778,2025-11-06,USD,VND,,
3779,2025-11-06,USD,VND,26355.0,26136.0
3780,2025-11-07,AUD,VND,17368.0,16789.0
3781,2025-11-07,CAD,VND,18994.0,18380.0
3782,2025-11-07,CHF,VND,32933.0,32289.0
3783,2025-11-07,CNY,VND,3830.0,3470.0
3784,2025-11-07,EUR,VND,31021.0,29998.0
3785,2025-11-07,GBP,VND,34989.0,34047.0
3786,2025-11-07,HKD,VND,3454.0,3252.0
3787,2025-11-07,JPY,VND,174.99,168.85
3788,2025-11-07,KRW,VND,19.1,17.1
3789,2025-11-07,NZD,VND,15050.0,14461.0
3790,2025-11-07,SGD,VND,20446.0,19923.0
3791,2025-11-07,THB,VND,845.0,792.0
3792,2025-11-07,USD,VND,,
3793,2025-11-07,USD,VND,,
3794,2025-11-07,USD,VND,26358.0,26133.0
3795,2025-11-08,AUD,VND,17405.0,16818.0
3796,2025-11-08,CAD,VND,19088.0,18471.0
3797,2025-11-08,CHF,VND,33060.0,32398.0
3798,2025-11-08,CNY,VND,3830.0,3470.0
3799,2025-11-08,EUR,VND,31097.0,30067.0
3800,2025-11-08,GBP,VND,35152.0,34205.0
3801,2025-11-08,HKD,VND,3454.0,3252.0
3802,2025-11-08,JPY,VND,175.08,168.91
3803,2025-11-08,KRW,VND,19.1,17.1
3804,2025-11-08,NZD,VND,15076.0,14492.0
3805,2025-11-08,SGD,VND,20483.0,19955.0
3806,2025-11-08,THB,VND,844.0,790.0
3807,2025-11-08,USD,VND,,
3808,2025-11-08,USD,VND,,
3809,2025-11-08,USD,VND,26358.0,26133.0
3810,2025-11-10,AUD,VND,17497.0,16926.0
3811,2025-11-10,CAD,VND,19123.0,18506.0
3812,2025-11-10,CHF,VND,33003.0,32355.0
3813,2025-11-10,CNY,VND,3830.0,3470.0
3814,2025-11-10,EUR,VND,31084.0,30058.0
3815,2025-11-10,GBP,VND,35149.0,34218.0
3816,2025-11-10,HKD,VND,3454.0,3252.0
3817,2025-11-10,JPY,VND,174.16,168.03
3818,2025-11-10,KRW,VND,19.0,17.0
3819,2025-11-10,NZD,VND,15122.0,14536.0
3820,2025-11-10,SGD,VND,20448.0,19928.0
3821,2025-11-10,THB,VND,844.0,791.0
3822,2025-11-10,USD,VND,,
3823,2025-11-10,USD,VND,,
3824,2025-11-10,USD,VND,26361.0,26121.0
3825,2025-11-11,AUD,VND,17468.0,16894.0
3826,2025-11-11,CAD,VND,19108.0,18494.0
3827,2025-11-11,CHF,VND,33133.0,32500.0
3828,2025-11-11,CNY,VND,3830.0,3470.0
3829,2025-11-11,EUR,VND,31098.0,30075.0
3830,2025-11-11,GBP,VND,35072.0,34133.0
3831,2025-11-11,HKD,VND,3457.0,3255.0
3832,2025-11-11,JPY,VND,174.06,167.97
3833,2025-11-11,KRW,VND,18.9,17.0
3834,2025-11-11,NZD,VND,15122.0,14536.0
3835,2025-11-11,SGD,VND,20466.0,19942.0
3836,2025-11-11,THB,VND,844.0,790.0
3837,2025-11-11,USD,VND,,
3838,2025-11-11,USD,VND,,
3839,2025-11-11,USD,VND,26373.0,26140.0
3840,2025-11-12,AUD,VND,17534.0,16953.0
3841,2025-11-12,CAD,VND,19156.0,18543.0
3842,2025-11-12,CHF,VND,33347.0,32704.0
3843,2025-11-12,CNY,VND,3830.0,3470.0
3844,2025-11-12,EUR,VND,31156.0,30129.0
3845,2025-11-12,GBP,VND,35084.0,34150.0
3846,2025-11-12,HKD,VND,3462.0,3260.0
3847,2025-11-12,JPY,VND,173.75,167.61
3848,2025-11-12,KRW,VND,18.9,16.9
3849,2025-11-12,NZD,VND,15180.0,14595.0
3850,2025-11-12,SGD,VND,20474.0,19949.0
3851,2025-11-12,THB,VND,842.0,789.0
3852,2025-11-12,USD,VND,,
3853,2025-11-12,USD,VND,,
3854,2025-11-12,USD,VND,26385.0,26175.0
3855,2025-11-13,AUD,VND,17634.0,17054.0
3856,2025-11-13,CAD,VND,19189.0,18578.0
3857,2025-11-13,CHF,VND,33500.0,32850.0
3858,2025-11-13,CNY,VND,3830.0,3470.0
3859,2025-11-13,EUR,VND,31271.0,30248.0
3860,2025-11-13,GBP,VND,35185.0,34254.0
3861,2025-11-13,HKD,VND,3462.0,3260.0
3862,2025-11-13,JPY,VND,174.07,167.97
3863,2025-11-13,KRW,VND,18.9,16.9
3864,2025-11-13,NZD,VND,15224.0,14638.0
3865,2025-11-13,SGD,VND,20526.0,20005.0
3866,2025-11-13,THB,VND,848.0,794.0
3867,2025-11-13,USD,VND,,
3868,2025-11-13,USD,VND,,
3869,2025-11-13,USD,VND,26381.0,26176.0
3870,2025-11-14,AUD,VND,17502.0,16928.0
3871,2025-11-14,CAD,VND,19133.0,18521.0
3872,2025-11-14,CHF,VND,33629.0,32984.0
3873,2025-11-14,CNY,VND,3830.0,3470.0
3874,2025-11-14,EUR,VND,31287.0,30261.0
3875,2025-11-14,GBP,VND,35193.0,34259.0
3876,2025-11-14,HKD,VND,3461.0,3259.0
3877,2025-11-14,JPY,VND,173.9,167.8
3878,2025-11-14,KRW,VND,19.0,17.0
3879,2025-11-14,NZD,VND,15232.0,14646.0
3880,2025-11-14,SGD,VND,20504.0,19984.0
3881,2025-11-14,THB,VND,844.0,791.0
3882,2025-11-14,USD,VND,,
3883,2025-11-14,USD,VND,,
3884,2025-11-14,USD,VND,26378.0,26176.0
3885,2025-11-15,AUD,VND,17539.0,16964.0
3886,2025-11-15,CAD,VND,19152.0,18531.0
3887,2025-11-15,CHF,VND,33568.0,32916.0
3888,2025-11-15,CNY,VND,3830.0,3470.0
3889,2025-11-15,EUR,VND,31288.0,30260.0
3890,2025-11-15,GBP,VND,35236.0,34289.0
3891,2025-11-15,HKD,VND,3461.0,3259.0
3892,2025-11-15,JPY,VND,174.07,167.96
3893,2025-11-15,KRW,VND,19.0,17.0
3894,2025-11-15,NZD,VND,15249.0,14656.0
3895,2025-11-15,SGD,VND,20563.0,20033.0
3896,2025-11-15,THB,VND,846.0,791.0
3897,2025-11-15,USD,VND,,
3898,2025-11-15,USD,VND,,
3899,2025-11-15,USD,VND,26378.0,26175.0
3900,2025-11-17,AUD,VND,17498.0,16924.0
3901,2025-11-17,CAD,VND,19150.0,18535.0
3902,2025-11-17,CHF,VND,33545.0,32899.0
3903,2025-11-17,CNY,VND,3830.0,3470.0
3904,2025-11-17,EUR,VND,31241.0,30218.0
3905,2025-11-17,GBP,VND,35217.0,34285.0
3906,2025-11-17,HKD,VND,3462.0,3260.0
3907,2025-11-17,JPY,VND,173.89,167.76
3908,2025-11-17,KRW,VND,19.0,17.0
3909,2025-11-17,NZD,VND,15215.0,14633.0
3910,2025-11-17,SGD,VND,20510.0,19985.0
3911,2025-11-17,THB,VND,844.0,791.0
3912,2025-11-17,USD,VND,,
3913,2025-11-17,USD,VND,,
3914,2025-11-17,USD,VND,26376.0,26182.0
3915,2025-11-18,AUD,VND,17453.0,16875.0
3916,2025-11-18,CAD,VND,19156.0,18541.0
3917,2025-11-18,CHF,VND,33501.0,32850.0
3918,2025-11-18,CNY,VND,3830.0,3470.0
3919,2025-11-18,EUR,VND,31237.0,30213.0
3920,2025-11-18,GBP,VND,35219.0,34287.0
3921,2025-11-18,HKD,VND,3460.0,3258.0
3922,2025-11-18,JPY,VND,173.5,167.4
3923,2025-11-18,KRW,VND,19.0,17.0
3924,2025-11-18,NZD,VND,15222.0,14633.0
3925,2025-11-18,SGD,VND,20515.0,19994.0
3926,2025-11-18,THB,VND,845.0,792.0
3927,2025-11-18,USD,VND,,
3928,2025-11-18,USD,VND,,
3929,2025-11-18,USD,VND,26388.0,26209.0
3930,2025-11-19,AUD,VND,17418.0,16841.0
3931,2025-11-19,CAD,VND,19193.0,18580.0
3932,2025-11-19,CHF,VND,33267.0,32620.0
3933,2025-11-19,CNY,VND,3830.0,3470.0
3934,2025-11-19,EUR,VND,31180.0,30152.0
3935,2025-11-19,GBP,VND,35122.0,34185.0
3936,2025-11-19,HKD,VND,3458.0,3256.0
3937,2025-11-19,JPY,VND,172.68,166.54
3938,2025-11-19,KRW,VND,19.0,17.0
3939,2025-11-19,NZD,VND,15123.0,14541.0
3940,2025-11-19,SGD,VND,20482.0,19960.0
3941,2025-11-19,THB,VND,845.0,792.0
3942,2025-11-19,USD,VND,,
3943,2025-11-19,USD,VND,,
3944,2025-11-19,USD,VND,26388.0,26200.0
3945,2025-11-20,AUD,VND,17416.0,16842.0
3946,2025-11-20,CAD,VND,19128.0,18518.0
3947,2025-11-20,CHF,VND,33108.0,32465.0
3948,2025-11-20,CNY,VND,3830.0,3470.0
3949,2025-11-20,EUR,VND,31067.0,30045.0
3950,2025-11-20,GBP,VND,35016.0,34086.0
3951,2025-11-20,HKD,VND,3459.0,3257.0
3952,2025-11-20,JPY,VND,171.35,165.27
3953,2025-11-20,KRW,VND,18.9,16.9
3954,2025-11-20,NZD,VND,15089.0,14500.0
3955,2025-11-20,SGD,VND,20450.0,19925.0
3956,2025-11-20,THB,VND,845.0,791.0
3957,2025-11-20,USD,VND,,
3958,2025-11-20,USD,VND,,
3959,2025-11-20,USD,VND,26386.0,26203.0
3960,2025-11-21,AUD,VND,17270.0,16696.0
3961,2025-11-21,CAD,VND,19057.0,18445.0
3962,2025-11-21,CHF,VND,33101.0,32461.0
3963,2025-11-21,CNY,VND,3830.0,3470.0
3964,2025-11-21,EUR,VND,31039.0,30016.0
3965,2025-11-21,GBP,VND,34932.0,34009.0
3966,2025-11-21,HKD,VND,3456.0,3255.0
3967,2025-11-21,JPY,VND,171.73,165.63
3968,2025-11-21,KRW,VND,18.9,16.9
3969,2025-11-21,NZD,VND,15018.0,14432.0
3970,2025-11-21,SGD,VND,20411.0,19891.0
3971,2025-11-21,THB,VND,843.0,790.0
3972,2025-11-21,USD,VND,,
3973,2025-11-21,USD,VND,,
3974,2025-11-21,USD,VND,26392.0,26180.0
3975,2025-11-22,AUD,VND,17309.0,16734.0
3976,2025-11-22,CAD,VND,19046.0,18433.0
3977,2025-11-22,CHF,VND,32959.0,32309.0
3978,2025-11-22,CNY,VND,3830.0,3470.0
3979,2025-11-22,EUR,VND,31007.0,29977.0
3980,2025-11-22,GBP,VND,35024.0,34090.0
3981,2025-11-22,HKD,VND,3458.0,3255.0
3982,2025-11-22,JPY,VND,172.07,165.97
3983,2025-11-22,KRW,VND,18.9,16.9
3984,2025-11-22,NZD,VND,15053.0,14468.0
3985,2025-11-22,SGD,VND,20437.0,19903.0
3986,2025-11-22,THB,VND,846.0,791.0
3987,2025-11-22,USD,VND,,
3988,2025-11-22,USD,VND,,
3989,2025-11-22,USD,VND,26392.0,26178.0
3990,2025-11-24,AUD,VND,17323.0,16747.0
3991,2025-11-24,CAD,VND,19051.0,18438.0
3992,2025-11-24,CHF,VND,33059.0,32412.0
3993,2025-11-24,CNY,VND,3830.0,3470.0
3994,2025-11-24,EUR,VND,31089.0,30061.0
3995,2025-11-24,GBP,VND,35057.0,34123.0
3996,2025-11-24,HKD,VND,3460.0,3258.0
3997,2025-11-24,JPY,VND,171.89,165.78
3998,2025-11-24,KRW,VND,18.9,16.9
3999,2025-11-24,NZD,VND,15048.0,14463.0
4000,2025-11-24,SGD,VND,20470.0,19950.0
4001,2025-11-24,THB,VND,843.0,790.0
4002,2025-11-24,USD,VND,,
4003,2025-11-24,USD,VND,,
4004,2025-11-24,USD,VND,26401.0,26203.0
4005,2025-11-25,AUD,VND,17345.0,16767.0
4006,2025-11-25,CAD,VND,19038.0,18423.0
4007,2025-11-25,CHF,VND,32941.0,32299.0
4008,2025-11-25,CNY,VND,3830.0,3470.0
4009,2025-11-25,EUR,VND,31077.0,30049.0
4010,2025-11-25,GBP,VND,35141.0,34215.0
4011,2025-11-25,HKD,VND,3462.0,3260.0
4012,2025-11-25,JPY,VND,172.24,166.14
4013,2025-11-25,KRW,VND,18.9,16.9
4014,2025-11-25,NZD,VND,15058.0,14471.0
4015,2025-11-25,SGD,VND,20508.0,19984.0
4016,2025-11-25,THB,VND,848.0,794.0
4017,2025-11-25,USD,VND,,
4018,2025-11-25,USD,VND,,
4019,2025-11-25,USD,VND,26403.0,26193.0
4020,2025-11-26,AUD,VND,17459.0,16882.0
4021,2025-11-26,CAD,VND,19089.0,18475.0
4022,2025-11-26,CHF,VND,33084.0,32440.0
4023,2025-11-26,CNY,VND,3830.0,3470.0
4024,2025-11-26,EUR,VND,31185.0,30159.0
4025,2025-11-26,GBP,VND,35252.0,34321.0
4026,2025-11-26,HKD,VND,3462.0,3260.0
4027,2025-11-26,JPY,VND,172.2,166.11
4028,2025-11-26,KRW,VND,19.0,17.0
4029,2025-11-26,NZD,VND,15245.0,14659.0
4030,2025-11-26,SGD,VND,20572.0,20051.0
4031,2025-11-26,THB,VND,850.0,797.0
4032,2025-11-26,USD,VND,,
4033,2025-11-26,USD,VND,,
4034,2025-11-26,USD,VND,26403.0,26199.0
4035,2025-11-27,AUD,VND,17520.0,16946.0
4036,2025-11-27,CAD,VND,19132.0,18518.0
4037,2025-11-27,CHF,VND,33110.0,32469.0
4038,2025-11-27,CNY,VND,3830.0,3470.0
4039,2025-11-27,EUR,VND,31201.0,30179.0
4040,2025-11-27,GBP,VND,35370.0,34438.0
4041,2025-11-27,HKD,VND,3462.0,3260.0
4042,2025-11-27,JPY,VND,172.28,166.18
4043,2025-11-27,KRW,VND,18.9,16.9
4044,2025-11-27,NZD,VND,15349.0,14765.0
4045,2025-11-27,SGD,VND,20580.0,20060.0
4046,2025-11-27,THB,VND,850.0,797.0
4047,2025-11-27,USD,VND,,
4048,2025-11-27,USD,VND,,
4049,2025-11-27,USD,VND,26409.0,26200.0
4050,2025-11-28,AUD,VND,17514.0,16940.0
4051,2025-11-28,CAD,VND,19134.0,18519.0
4052,2025-11-28,CHF,VND,33076.0,32419.0
4053,2025-11-28,CNY,VND,3830.0,3470.0
4054,2025-11-28,EUR,VND,31159.0,30131.0
4055,2025-11-28,GBP,VND,35330.0,34404.0
4056,2025-11-28,HKD,VND,3458.0,3256.0
4057,2025-11-28,JPY,VND,172.22,166.08
4058,2025-11-28,KRW,VND,18.9,17.0
4059,2025-11-28,NZD,VND,15328.0,14736.0
4060,2025-11-28,SGD,VND,20571.0,20046.0
4061,2025-11-28,THB,VND,850.0,797.0
4062,2025-11-28,USD,VND,,
4063,2025-11-28,USD,VND,,
4064,2025-11-28,USD,VND,26412.0,26186.0
4065,2025-11-29,AUD,VND,17585.0,16999.0
4066,2025-11-29,CAD,VND,19223.0,18608.0
4067,2025-11-29,CHF,VND,33167.0,32532.0
4068,2025-11-29,CNY,VND,3830.0,3470.0
4069,2025-11-29,EUR,VND,31234.0,30206.0
4070,2025-11-29,GBP,VND,35413.0,34482.0
4071,2025-11-29,HKD,VND,3457.0,3255.0
4072,2025-11-29,JPY,VND,172.38,166.23
4073,2025-11-29,KRW,VND,18.9,17.0
4074,2025-11-29,NZD,VND,15389.0,14806.0
4075,2025-11-29,SGD,VND,20603.0,20075.0
4076,2025-11-29,THB,VND,853.0,799.0
4077,2025-11-29,USD,VND,,
4078,2025-11-29,USD,VND,,
4079,2025-11-29,USD,VND,26412.0,26185.0
4080,2025-12-01,AUD,VND,17587.0,17012.0
4081,2025-12-01,CAD,VND,19212.0,18597.0
4082,2025-12-01,CHF,VND,33207.0,32565.0
4083,2025-12-01,CNY,VND,3830.0,3470.0
4084,2025-12-01,EUR,VND,31307.0,30280.0
4085,2025-12-01,GBP,VND,35405.0,34472.0
4086,2025-12-01,HKD,VND,3457.0,3255.0
4087,2025-12-01,JPY,VND,173.38,167.25
4088,2025-12-01,KRW,VND,18.9,16.9
4089,2025-12-01,NZD,VND,15403.0,14816.0
4090,2025-12-01,SGD,VND,20616.0,20094.0
4091,2025-12-01,THB,VND,856.0,802.0
4092,2025-12-01,USD,VND,,
4093,2025-12-01,USD,VND,,
4094,2025-12-01,USD,VND,26413.0,26192.0
4095,2025-12-02,AUD,VND,17589.0,17008.0
4096,2025-12-02,CAD,VND,19192.0,18576.0
4097,2025-12-02,CHF,VND,33173.0,32529.0
4098,2025-12-02,CNY,VND,3830.0,3470.0
4099,2025-12-02,EUR,VND,31286.0,30260.0
4100,2025-12-02,GBP,VND,35358.0,34420.0
4101,2025-12-02,HKD,VND,3459.0,3257.0
4102,2025-12-02,JPY,VND,172.71,166.56
4103,2025-12-02,KRW,VND,18.9,16.9
4104,2025-12-02,NZD,VND,15357.0,14769.0
4105,2025-12-02,SGD,VND,20597.0,20069.0
4106,2025-12-02,THB,VND,856.0,803.0
4107,2025-12-02,USD,VND,,
4108,2025-12-02,USD,VND,,
4109,2025-12-02,USD,VND,26410.0,26202.0
4110,2025-12-03,AUD,VND,17672.0,17098.0
4111,2025-12-03,CAD,VND,19258.0,18644.0
4112,2025-12-03,CHF,VND,33267.0,32622.0
4113,2025-12-03,CNY,VND,3830.0,3470.0
4114,2025-12-03,EUR,VND,31378.0,30355.0
4115,2025-12-03,GBP,VND,35532.0,34600.0
4116,2025-12-03,HKD,VND,3458.0,3257.0
4117,2025-12-03,JPY,VND,173.0,166.91
4118,2025-12-03,KRW,VND,18.9,16.9
4119,2025-12-03,NZD,VND,15417.0,14833.0
4120,2025-12-03,SGD,VND,20622.0,20098.0
4121,2025-12-03,THB,VND,858.0,804.0
4122,2025-12-03,USD,VND,,
4123,2025-12-03,USD,VND,,
4124,2025-12-03,USD,VND,26410.0,26195.0
4125,2025-12-04,AUD,VND,17763.0,17191.0
4126,2025-12-04,CAD,VND,19249.0,18637.0
4127,2025-12-04,CHF,VND,33351.0,32708.0
4128,2025-12-04,CNY,VND,3830.0,3470.0
4129,2025-12-04,EUR,VND,31461.0,30434.0
4130,2025-12-04,GBP,VND,35712.0,34780.0
4131,2025-12-04,HKD,VND,3459.0,3258.0
4132,2025-12-04,JPY,VND,173.87,167.77
4133,2025-12-04,KRW,VND,18.9,16.9
4134,2025-12-04,NZD,VND,15502.0,14915.0
4135,2025-12-04,SGD,VND,20626.0,20100.0
4136,2025-12-04,THB,VND,855.0,802.0
4137,2025-12-04,USD,VND,,
4138,2025-12-04,USD,VND,,
4139,2025-12-04,USD,VND,26409.0,26195.0
4140,2025-12-05,AUD,VND,17790.0,17210.0
4141,2025-12-05,CAD,VND,19262.0,18647.0
4142,2025-12-05,CHF,VND,33210.0,32567.0
4143,2025-12-05,CNY,VND,3830.0,3470.0
4144,2025-12-05,EUR,VND,31386.0,30361.0
4145,2025-12-05,GBP,VND,35696.0,34765.0
4146,2025-12-05,HKD,VND,3457.0,3255.0
4147,2025-12-05,JPY,VND,173.73,167.59
4148,2025-12-05,KRW,VND,18.9,16.9
4149,2025-12-05,NZD,VND,15494.0,14904.0
4150,2025-12-05,SGD,VND,20618.0,20091.0
4151,2025-12-05,THB,VND,860.0,806.0
4152,2025-12-05,USD,VND,,
4153,2025-12-05,USD,VND,,
4154,2025-12-05,USD,VND,26408.0,26180.0
4155,2025-12-06,AUD,VND,17819.0,17233.0
4156,2025-12-06,CAD,VND,19435.0,18820.0
4157,2025-12-06,CHF,VND,33132.0,32485.0
4158,2025-12-06,CNY,VND,3830.0,3470.0
4159,2025-12-06,EUR,VND,31349.0,30324.0
4160,2025-12-06,GBP,VND,35652.0,34720.0
4161,2025-12-06,HKD,VND,3457.0,3255.0
4162,2025-12-06,JPY,VND,173.23,167.12
4163,2025-12-06,KRW,VND,18.9,16.9
4164,2025-12-06,NZD,VND,15499.0,14906.0
4165,2025-12-06,SGD,VND,20596.0,20079.0
4166,2025-12-06,THB,VND,859.0,805.0
4167,2025-12-06,USD,VND,,
4168,2025-12-06,USD,VND,,
4169,2025-12-06,USD,VND,26408.0,26180.0
4170,2025-12-08,AUD,VND,17810.0,17228.0
4171,2025-12-08,CAD,VND,19425.0,18808.0
4172,2025-12-08,CHF,VND,33147.0,32506.0
4173,2025-12-08,CNY,VND,3830.0,3470.0
4174,2025-12-08,EUR,VND,31370.0,30345.0
4175,2025-12-08,GBP,VND,35644.0,34710.0
4176,2025-12-08,HKD,VND,3459.0,3257.0
4177,2025-12-08,JPY,VND,173.09,166.96
4178,2025-12-08,KRW,VND,18.9,16.9
4179,2025-12-08,NZD,VND,15535.0,14943.0
4180,2025-12-08,SGD,VND,20595.0,20071.0
4181,2025-12-08,THB,VND,859.0,806.0
4182,2025-12-08,USD,VND,,
4183,2025-12-08,USD,VND,,
4184,2025-12-08,USD,VND,26409.0,26184.0
4185,2025-12-09,AUD,VND,17836.0,17261.0
4186,2025-12-09,CAD,VND,19413.0,18797.0
4187,2025-12-09,CHF,VND,33111.0,32462.0
4188,2025-12-09,CNY,VND,3830.0,3470.0
4189,2025-12-09,EUR,VND,31396.0,30369.0
4190,2025-12-09,GBP,VND,35716.0,34784.0
4191,2025-12-09,HKD,VND,3460.0,3258.0
4192,2025-12-09,JPY,VND,172.51,166.38
4193,2025-12-09,KRW,VND,18.9,17.0
4194,2025-12-09,NZD,VND,15552.0,14965.0
4195,2025-12-09,SGD,VND,20603.0,20082.0
4196,2025-12-09,THB,VND,861.0,807.0
4197,2025-12-09,USD,VND,,
4198,2025-12-09,USD,VND,,
4199,2025-12-09,USD,VND,26412.0,26194.0
4200,2025-12-10,AUD,VND,17836.0,17256.0
4201,2025-12-10,CAD,VND,19380.0,18766.0
4202,2025-12-10,CHF,VND,33096.0,32447.0
4203,2025-12-10,CNY,VND,3830.0,3470.0
4204,2025-12-10,EUR,VND,31325.0,30299.0
4205,2025-12-10,GBP,VND,35595.0,34664.0
4206,2025-12-10,HKD,VND,3458.0,3256.0
4207,2025-12-10,JPY,VND,171.58,165.49
4208,2025-12-10,KRW,VND,18.9,16.9
4209,2025-12-10,NZD,VND,15521.0,14937.0
4210,2025-12-10,SGD,VND,20589.0,20075.0
4211,2025-12-10,THB,VND,860.0,806.0
4212,2025-12-10,USD,VND,,
4213,2025-12-10,USD,VND,,
4214,2025-12-10,USD,VND,26412.0,26179.0
4215,2025-12-11,AUD,VND,17820.0,17245.0
4216,2025-12-11,CAD,VND,19426.0,18808.0
4217,2025-12-11,CHF,VND,33366.0,32722.0
4218,2025-12-11,CNY,VND,3830.0,3470.0
4219,2025-12-11,EUR,VND,31472.0,30444.0
4220,2025-12-11,GBP,VND,35722.0,34788.0
4221,2025-12-11,HKD,VND,3454.0,3252.0
4222,2025-12-11,JPY,VND,172.51,166.37
4223,2025-12-11,KRW,VND,18.9,16.9
4224,2025-12-11,NZD,VND,15550.0,14965.0
4225,2025-12-11,SGD,VND,20598.0,20082.0
4226,2025-12-11,THB,VND,861.0,808.0
4227,2025-12-11,USD,VND,,
4228,2025-12-11,USD,VND,,
4229,2025-12-11,USD,VND,26411.0,26150.0
